id,first_name,last_name,gender,birthdate,deathdate,mother_id,father_id,spouse_id,children_ids
1,Marcella,Macari,Female,3/7/2016,3/24/1987,1,1,1,"[{},{}]"
2,Roxine,Hubbard,Male,2/23/1936,8/14/1938,2,2,2,[{}]
3,Nial,Roscrigg,Male,11/26/1923,1/29/1921,3,3,3,"[{},{},{}]"
4,Darleen,Emmanuele,Female,4/1/1965,7/28/1922,4,4,4,[{}]
5,Katharyn,Tartt,Female,7/2/2013,11/22/1915,5,5,5,"[{},{}]"
6,Adelaide,Chataignier,Male,4/16/1906,4/20/1950,6,6,6,"[{},{},{},{}]"
7,Cal,Cusick,Male,3/30/1953,1/18/1957,7,7,7,"[{},{}]"
8,Mariana,Daglish,Female,8/17/1918,8/11/1914,8,8,8,"[{},{},{},{}]"
9,Natasha,Glasbey,Male,4/24/1979,10/16/1927,9,9,9,"[{},{},{}]"
10,Flo,Hewkin,Male,10/16/2009,11/9/1934,10,10,10,"[{},{},{},{}]"
11,Rani,Metham,Male,5/25/2004,12/25/1986,11,11,11,"[{},{}]"
12,Constantine,Broader,Female,1/25/1922,4/11/1907,12,12,12,"[{},{},{}]"
13,Antone,Ivanchov,Male,1/9/1999,8/12/1909,13,13,13,"[{},{},{},{}]"
14,Merci,Polin,Male,12/3/1985,9/14/1909,14,14,14,"[{},{},{},{},{}]"
15,Dev,Chritchlow,Female,9/4/1998,1/17/1964,15,15,15,"[{},{},{}]"
16,Gino,Beveridge,Male,12/5/1928,8/29/2015,16,16,16,[{}]
17,Pace,De Blasiis,Female,7/31/2002,3/18/1902,17,17,17,"[{},{},{},{},{}]"
18,Mort,Naisbitt,Female,10/29/1929,3/23/1984,18,18,18,[{}]
19,Bondie,Ganford,Male,12/15/1996,11/3/1943,19,19,19,[]
20,Kelley,Boddy,Male,1/31/1963,6/26/1928,20,20,20,[]
21,Emiline,Tatford,Male,8/4/2000,2/10/1904,21,21,21,"[{},{},{},{}]"
22,Estele,Wooller,Male,12/1/2014,7/20/1937,22,22,22,"[{},{},{},{}]"
23,Regen,Pagram,Female,9/7/2002,7/31/1944,23,23,23,"[{},{}]"
24,Lezley,Castagneto,Female,8/10/2017,4/16/1951,24,24,24,[{}]
25,Rosabel,Bantick,Female,11/27/1925,5/25/1920,25,25,25,"[{},{},{}]"
26,Nicki,Giacobilio,Male,6/27/1972,1/12/1990,26,26,26,[{}]
27,Rollie,De Paepe,Male,8/29/1983,12/20/1904,27,27,27,[]
28,Paula,Girardin,Male,5/15/2000,9/4/1950,28,28,28,"[{},{}]"
29,Diana,Witts,Male,3/14/1963,5/22/1924,29,29,29,"[{},{},{},{},{}]"
30,Janessa,Igounet,Male,10/9/1939,11/28/1913,30,30,30,"[{},{},{},{},{}]"
31,Ursala,McCambridge,Female,9/5/1937,7/22/2021,31,31,31,"[{},{},{},{},{}]"
32,Lynnett,Coultish,Female,8/7/1916,11/7/1955,32,32,32,"[{},{},{},{},{}]"
33,Agosto,Oatley,Male,6/9/1970,9/11/1900,33,33,33,"[{},{},{},{},{}]"
34,Arabela,Cranefield,Female,4/26/1917,9/30/2010,34,34,34,"[{},{},{},{}]"
35,Merci,Alejandri,Female,4/9/1909,3/27/1983,35,35,35,[{}]
36,Dorelle,Strowger,Male,2/22/1936,3/1/1938,36,36,36,"[{},{},{}]"
37,Ellis,Calow,Female,10/20/1985,7/8/1971,37,37,37,"[{},{},{},{},{}]"
38,Sibbie,Udale,Male,10/22/1925,11/19/1982,38,38,38,"[{},{},{}]"
39,Stuart,Dudenie,Female,3/7/1958,7/1/1947,39,39,39,[{}]
40,Berne,Sawden,Female,4/4/2021,8/6/1988,40,40,40,"[{},{},{}]"
41,Sigrid,Oxby,Male,11/1/1976,11/16/1955,41,41,41,[{}]
42,Ulrikaumeko,Sandall,Female,6/7/1983,6/5/1925,42,42,42,"[{},{},{},{},{}]"
43,Pippy,Phear,Male,5/11/1935,4/3/1950,43,43,43,[]
44,Julianna,Rawe,Male,8/23/1938,5/25/1917,44,44,44,"[{},{},{}]"
45,Aurthur,Lyon,Male,3/25/1933,12/25/1908,45,45,45,"[{},{},{}]"
46,Amos,Putnam,Male,3/25/2009,4/29/1964,46,46,46,"[{},{},{},{}]"
47,Flinn,Hendrick,Female,9/25/1999,1/12/1969,47,47,47,"[{},{},{}]"
48,Derrick,O'Sherin,Male,11/26/1961,3/31/1968,48,48,48,"[{},{},{},{},{}]"
49,Inez,Lasselle,Male,2/18/1999,10/13/1960,49,49,49,"[{},{},{},{}]"
50,Farris,Shakesbye,Female,4/8/1992,8/20/1941,50,50,50,"[{},{}]"
51,Ester,Edgeler,Male,5/17/1952,8/8/1919,51,51,51,"[{},{},{}]"
52,Courtney,Herreran,Male,12/6/2021,8/9/1986,52,52,52,[{}]
53,Michal,Beckhouse,Male,1/19/2009,8/17/1968,53,53,53,[{}]
54,Lucila,Isaac,Female,9/3/1919,11/29/1902,54,54,54,[{}]
55,Herb,Brumfitt,Female,2/3/1989,7/17/1970,55,55,55,"[{},{},{},{},{}]"
56,Genna,Atyeo,Female,7/29/2003,7/2/1904,56,56,56,[{}]
57,Max,Greatham,Female,8/25/2001,6/3/1961,57,57,57,"[{},{}]"
58,Sergeant,Couch,Female,3/16/1977,1/28/1922,58,58,58,[]
59,Jefferson,Wanless,Male,2/16/2013,9/11/1977,59,59,59,"[{},{},{},{},{}]"
60,Georgiana,Deniske,Female,5/7/1906,7/14/1937,60,60,60,"[{},{},{},{}]"
61,Beryl,Pruvost,Female,4/17/1904,8/9/1942,61,61,61,"[{},{}]"
62,Bax,Albers,Male,4/1/1989,6/18/1921,62,62,62,[]
63,Ursuline,Houtbie,Female,9/28/1974,3/16/1949,63,63,63,"[{},{}]"
64,Rosemary,Smidmor,Male,1/15/1947,12/14/1946,64,64,64,[{}]
65,Alejoa,Vinter,Female,1/4/1950,10/23/1954,65,65,65,[{}]
66,Gradeigh,Bragge,Male,1/27/1933,4/2/1913,66,66,66,[]
67,Lem,Bartoli,Male,7/27/1911,3/12/1949,67,67,67,"[{},{},{},{},{}]"
68,Alvie,Mc Trusty,Female,3/28/1980,1/13/1941,68,68,68,"[{},{}]"
69,Clem,Giuron,Female,8/3/1940,8/17/1981,69,69,69,[]
70,Christina,Tuckwell,Male,10/28/1932,10/28/1990,70,70,70,"[{},{},{},{},{}]"
71,Annabelle,Iorizzo,Female,7/4/1968,8/5/1931,71,71,71,[{}]
72,Francesca,Columbell,Male,5/23/1991,11/28/1901,72,72,72,"[{},{},{},{},{}]"
73,Rolph,Bruckman,Male,10/31/2008,5/28/1959,73,73,73,"[{},{},{},{},{}]"
74,Barb,Halliberton,Male,9/12/1916,10/8/2006,74,74,74,"[{},{}]"
75,Jeniffer,Harland,Female,11/18/1941,4/25/1924,75,75,75,[{}]
76,Jobey,O' Mullan,Female,10/5/1959,1/14/1909,76,76,76,[]
77,Casper,Bambrugh,Female,4/21/1968,10/18/2017,77,77,77,[]
78,Nathanial,Adcocks,Male,9/3/1967,5/18/1961,78,78,78,"[{},{},{},{}]"
79,Rollins,Adnet,Male,12/31/1976,5/13/1986,79,79,79,[]
80,Donovan,Schimek,Female,4/16/1958,9/4/1909,80,80,80,"[{},{},{}]"
81,Theodoric,Selliman,Female,6/29/1971,5/25/1977,81,81,81,"[{},{},{}]"
82,Easter,Hambling,Male,7/22/2006,5/7/1900,82,82,82,[{}]
83,Marc,Cholwell,Female,10/16/1997,12/22/1988,83,83,83,[{}]
84,Clayton,Scotson,Male,12/10/1981,9/30/1980,84,84,84,"[{},{},{},{}]"
85,Melisenda,Astbery,Female,6/9/1982,5/19/1931,85,85,85,"[{},{},{},{}]"
86,Teddie,Ollerton,Female,2/12/1926,6/29/1960,86,86,86,[{}]
87,Roscoe,Pidduck,Male,5/3/1906,2/23/1993,87,87,87,"[{},{},{},{}]"
88,Tito,Wapplington,Male,8/28/1995,10/25/1994,88,88,88,"[{},{},{}]"
89,Georgena,Di Bernardo,Male,5/24/2015,3/6/1917,89,89,89,[{}]
90,Eberto,Stiegar,Female,9/26/1990,1/6/1995,90,90,90,"[{},{}]"
91,Dominique,Samarth,Male,2/3/1902,12/14/1978,91,91,91,"[{},{}]"
92,Isaiah,Straker,Female,12/16/1968,11/26/1952,92,92,92,"[{},{},{},{},{}]"
93,Myrtia,Murrthum,Female,1/10/1952,9/16/2008,93,93,93,"[{},{},{},{},{}]"
94,Correy,Lownie,Female,12/20/1974,9/8/1966,94,94,94,[]
95,Johny,Pendered,Male,1/6/1916,4/11/1942,95,95,95,[]
96,Madelin,McOwen,Male,4/7/1931,4/29/2005,96,96,96,[{}]
97,Pren,Necrews,Female,2/28/2008,1/29/1959,97,97,97,[]
98,Averill,Bareford,Female,3/24/1983,6/26/2014,98,98,98,"[{},{},{},{},{}]"
99,Milli,Cragell,Male,11/8/1934,5/10/1966,99,99,99,"[{},{},{}]"
100,Orin,Rochester,Female,11/22/1933,7/6/1979,100,100,100,[{}]
101,Rosaleen,Vescovo,Female,1/28/1917,10/23/1999,101,101,101,[]
102,Yves,McGahy,Female,8/21/1971,3/21/1990,102,102,102,"[{},{},{},{}]"
103,Glennis,Burkin,Female,11/28/1914,3/29/2007,103,103,103,"[{},{}]"
104,Sarah,Pledger,Female,12/31/1919,3/30/1980,104,104,104,"[{},{},{},{},{}]"
105,Morrie,Smeeth,Female,12/31/1940,6/15/1966,105,105,105,"[{},{}]"
106,Linda,Goby,Male,8/10/1992,8/21/1981,106,106,106,[]
107,Bernetta,Dobble,Female,10/26/1970,7/10/1935,107,107,107,"[{},{}]"
108,Vonnie,Frudd,Female,3/30/2014,4/10/1978,108,108,108,"[{},{}]"
109,Micah,Boydle,Female,9/25/1991,10/11/1997,109,109,109,"[{},{}]"
110,Denny,Varey,Female,12/26/1915,12/3/1936,110,110,110,"[{},{}]"
111,Alisander,Blackstock,Male,2/5/1934,11/24/1951,111,111,111,"[{},{},{},{}]"
112,Hunfredo,Posner,Female,9/23/1921,2/19/1998,112,112,112,"[{},{},{}]"
113,Joellen,Rumble,Male,11/17/1907,4/29/1983,113,113,113,"[{},{},{},{},{}]"
114,Bertine,Newis,Male,6/28/2003,1/10/1920,114,114,114,[{}]
115,Denys,Lushey,Female,9/21/1950,5/3/1958,115,115,115,"[{},{},{},{},{}]"
116,Christoph,Molnar,Male,1/2/1989,2/22/1906,116,116,116,"[{},{},{},{}]"
117,Jilleen,Cope,Male,1/15/1970,3/12/1900,117,117,117,"[{},{},{},{},{}]"
118,Michelle,Oliffe,Male,8/10/1942,12/6/2020,118,118,118,[]
119,Adlai,Yewdell,Male,1/1/1950,7/22/1956,119,119,119,"[{},{},{},{}]"
120,Micky,Gergus,Female,8/11/2011,4/26/1976,120,120,120,"[{},{},{},{}]"
121,Angeline,Libby,Male,8/11/2001,8/10/1939,121,121,121,"[{},{},{},{},{}]"
122,Vivian,Tainton,Male,5/19/2008,7/13/1915,122,122,122,"[{},{},{},{},{}]"
123,Danyette,Anselmi,Female,7/13/1939,2/20/1914,123,123,123,"[{},{},{},{}]"
124,Lemuel,Balsdon,Male,3/10/2011,7/17/1979,124,124,124,"[{},{}]"
125,Natalie,Patrick,Female,9/6/1988,4/2/1950,125,125,125,[{}]
126,Dionisio,Brignell,Female,9/18/1937,6/12/2007,126,126,126,"[{},{},{},{}]"
127,Gwenni,Isbell,Male,7/18/2016,9/3/2007,127,127,127,"[{},{},{}]"
128,Cymbre,Mountlow,Male,9/29/1989,1/18/1911,128,128,128,[]
129,Charin,Gonzales,Male,4/14/1911,7/7/1992,129,129,129,[{}]
130,Reginauld,Readings,Female,11/23/1922,7/19/1960,130,130,130,"[{},{},{}]"
131,Pru,Tompion,Female,8/23/1957,10/13/1943,131,131,131,"[{},{},{}]"
132,Farlay,Lind,Female,9/20/2004,11/14/1918,132,132,132,"[{},{},{},{}]"
133,Matti,Plott,Female,1/24/1942,5/5/1928,133,133,133,"[{},{},{},{},{}]"
134,Salli,Attryde,Female,1/12/1991,5/18/1905,134,134,134,"[{},{},{},{}]"
135,Liana,Fiske,Female,5/9/1910,11/5/2019,135,135,135,"[{},{},{},{},{}]"
136,Gustav,Banaszczyk,Male,7/13/1900,3/27/1943,136,136,136,"[{},{},{},{}]"
137,Clerkclaude,Clingan,Female,4/29/1904,1/13/1965,137,137,137,"[{},{},{}]"
138,Ky,Learned,Female,11/6/1922,5/31/1986,138,138,138,"[{},{}]"
139,Sebastian,Spacey,Male,11/19/1917,5/16/1919,139,139,139,"[{},{},{},{}]"
140,Zackariah,Hamel,Female,11/5/1904,3/4/1934,140,140,140,"[{},{},{},{},{}]"
141,Jeremias,Cluet,Female,3/30/2015,11/19/1911,141,141,141,"[{},{}]"
142,Corrie,Cristea,Male,6/5/1949,6/23/1932,142,142,142,[{}]
143,Kaja,Baldoni,Male,3/9/1971,1/19/2019,143,143,143,"[{},{},{},{}]"
144,Gene,Reihill,Male,12/18/2003,2/26/1963,144,144,144,"[{},{}]"
145,Chrissy,Navarro,Male,8/2/2018,5/26/1965,145,145,145,"[{},{},{}]"
146,Othello,Ruos,Female,2/15/1927,6/6/1941,146,146,146,"[{},{},{}]"
147,Selia,Roma,Male,1/10/1967,12/17/1961,147,147,147,"[{},{}]"
148,Mikey,Jenner,Male,12/9/2001,1/24/1979,148,148,148,[{}]
149,Jerrie,Branni,Male,2/1/1995,3/17/1915,149,149,149,"[{},{}]"
150,Farrand,Jerram,Male,7/20/1926,10/14/1972,150,150,150,[{}]
151,Billye,Laraway,Female,2/12/1980,6/26/2012,151,151,151,[{}]
152,Erina,Innett,Female,1/24/1934,3/26/1945,152,152,152,"[{},{},{},{},{}]"
153,Sigfrid,Uttley,Female,7/18/1900,9/1/2014,153,153,153,[{}]
154,Tabbie,Birdis,Female,2/24/1901,4/10/2016,154,154,154,"[{},{}]"
155,Ermin,Gurrado,Male,5/12/1972,12/19/1982,155,155,155,"[{},{},{},{},{}]"
156,Carey,Castellanos,Female,10/6/1985,3/28/2012,156,156,156,[{}]
157,Gabbi,Skews,Female,4/9/1939,1/3/1971,157,157,157,"[{},{},{},{}]"
158,Maurice,Ramsier,Male,2/4/1950,10/28/1938,158,158,158,[{}]
159,Kerrie,Reijmers,Female,3/24/1900,5/7/1991,159,159,159,"[{},{},{},{}]"
160,Brett,Bruty,Female,11/5/1960,12/23/1909,160,160,160,"[{},{},{},{}]"
161,Daile,Swanwick,Male,7/17/2000,2/9/1979,161,161,161,"[{},{},{},{}]"
162,Chev,Arent,Male,4/21/1950,12/20/2001,162,162,162,"[{},{}]"
163,Craggy,Bestar,Female,5/14/1958,6/22/1900,163,163,163,[{}]
164,Adriena,Hackworth,Female,3/28/2013,9/17/1990,164,164,164,"[{},{},{}]"
165,Nellie,Lyard,Female,7/25/2015,9/12/1997,165,165,165,"[{},{},{},{},{}]"
166,Eddi,Gockeler,Male,7/2/1996,10/8/1987,166,166,166,"[{},{},{},{}]"
167,Lizette,Pawlowicz,Female,6/1/1955,1/9/1916,167,167,167,"[{},{},{}]"
168,Boote,Becerra,Female,4/2/1948,6/21/1908,168,168,168,"[{},{},{},{},{}]"
169,Melisent,Janczyk,Female,4/28/1933,7/21/1919,169,169,169,[{}]
170,Raimondo,Sherlock,Female,10/25/2003,4/27/2006,170,170,170,"[{},{},{},{}]"
171,Myranda,Conring,Male,10/10/2017,1/14/1945,171,171,171,[]
172,Biddy,Gori,Female,8/30/1993,9/25/1972,172,172,172,"[{},{},{}]"
173,Mabelle,Jeggo,Male,6/26/2015,4/27/1932,173,173,173,"[{},{}]"
174,Benedict,Orrobin,Male,2/8/1904,5/16/1938,174,174,174,"[{},{},{},{}]"
175,Dane,Muehle,Female,3/17/1905,9/29/1903,175,175,175,[{}]
176,Mayor,Randell,Male,9/25/1917,12/1/2002,176,176,176,[{}]
177,Giulietta,Beine,Female,8/25/1992,9/27/1905,177,177,177,[]
178,Asher,Philipot,Female,12/21/1927,12/19/1931,178,178,178,"[{},{}]"
179,Benton,Comfort,Female,3/9/2012,12/15/1964,179,179,179,"[{},{},{}]"
180,Shelden,Applegarth,Male,7/28/1996,2/4/1977,180,180,180,"[{},{}]"
181,Benoite,Applegate,Male,8/25/1970,11/9/2007,181,181,181,"[{},{},{},{}]"
182,Man,Jenkison,Female,8/31/1944,10/30/1909,182,182,182,"[{},{},{}]"
183,Jemima,Haslewood,Male,3/18/1929,11/16/1939,183,183,183,"[{},{},{},{}]"
184,Kalindi,Fishleigh,Male,12/6/2009,9/13/1995,184,184,184,"[{},{},{}]"
185,Mariette,Rozsa,Male,1/5/1997,4/27/1996,185,185,185,[]
186,Catharina,Ogan,Female,4/1/1911,1/8/2009,186,186,186,"[{},{},{},{}]"
187,Baudoin,Willis,Male,11/24/2018,7/6/1974,187,187,187,"[{},{},{},{}]"
188,Ginnifer,Mutch,Male,4/3/1905,9/9/1965,188,188,188,"[{},{},{}]"
189,Humphrey,Alibone,Male,8/9/1987,1/15/1942,189,189,189,"[{},{},{},{},{}]"
190,Tammara,Ecles,Male,8/7/1982,5/6/1969,190,190,190,"[{},{},{},{},{}]"
191,Petr,Gowanson,Male,9/28/1908,8/28/1923,191,191,191,"[{},{},{}]"
192,Padriac,Dobbs,Female,4/15/1917,8/22/1981,192,192,192,[{}]
193,Phaidra,Griniov,Male,4/8/1961,3/25/2004,193,193,193,[]
194,Chucho,Kalf,Female,1/28/2021,12/30/1929,194,194,194,"[{},{}]"
195,Carly,Spellman,Male,11/6/1997,2/16/2014,195,195,195,"[{},{},{}]"
196,Coleen,Bertouloume,Female,2/19/2000,4/23/2002,196,196,196,"[{},{}]"
197,Hogan,Yankin,Male,3/14/1951,12/9/1932,197,197,197,"[{},{}]"
198,Eada,Albury,Male,6/22/1946,6/1/1953,198,198,198,[]
199,Freida,Iannetti,Male,1/9/1962,4/8/1912,199,199,199,[]
200,Giovanna,Harwood,Male,8/3/1910,7/30/1951,200,200,200,[]
201,Lalo,Baggaley,Female,11/11/1975,2/25/1976,201,201,201,[]
202,August,Feighry,Male,2/5/1932,2/17/1959,202,202,202,[{}]
203,Minette,Kave,Female,12/20/1968,10/9/1904,203,203,203,[]
204,Gracie,Mityashev,Male,4/30/1914,4/18/1905,204,204,204,"[{},{},{},{}]"
205,Lotte,Leathart,Female,9/18/1968,7/20/1905,205,205,205,"[{},{},{}]"
206,Jackelyn,Very,Female,5/20/1947,2/8/1966,206,206,206,"[{},{}]"
207,Maurene,Dmytryk,Female,10/16/1959,10/25/1974,207,207,207,"[{},{},{},{},{}]"
208,Laureen,Lamyman,Male,7/13/1910,7/8/2015,208,208,208,"[{},{}]"
209,Tonie,Rubrow,Male,7/18/1969,11/26/1993,209,209,209,"[{},{},{},{},{}]"
210,Carin,Hasnip,Female,4/7/1921,2/1/1983,210,210,210,[]
211,Hardy,Liggins,Male,3/30/1981,9/29/1988,211,211,211,"[{},{}]"
212,Sibeal,Eglaise,Female,5/12/2018,10/22/1945,212,212,212,[]
213,Wernher,Ickovici,Female,4/1/1914,11/17/2012,213,213,213,"[{},{}]"
214,Dinny,Gartshore,Female,1/22/1910,12/28/2012,214,214,214,"[{},{},{},{},{}]"
215,Katina,Kneeland,Male,3/13/1934,4/19/1920,215,215,215,"[{},{},{},{}]"
216,Consuela,Burling,Female,12/28/1945,1/9/1952,216,216,216,[{}]
217,Kori,Crooke,Female,4/30/2015,2/23/1988,217,217,217,"[{},{},{}]"
218,Amelia,Petcher,Male,8/3/1951,5/9/1901,218,218,218,[{}]
219,Aggy,Turtle,Female,10/30/1930,10/2/1907,219,219,219,"[{},{}]"
220,Ninon,Eland,Female,7/10/1995,2/11/1953,220,220,220,"[{},{},{}]"
221,Abby,Stitt,Female,5/23/1960,9/26/1984,221,221,221,"[{},{},{},{},{}]"
222,Adrien,Alphege,Female,6/4/1951,7/30/1902,222,222,222,[]
223,Rici,Thomason,Female,12/16/2012,9/20/1913,223,223,223,[{}]
224,Christa,Kingsland,Female,7/5/1991,7/15/1925,224,224,224,[]
225,Matilde,Foffano,Male,6/2/2015,8/18/1906,225,225,225,[]
226,Corinna,Crosetto,Male,5/18/1940,4/24/2016,226,226,226,"[{},{}]"
227,Obidiah,Peschke,Male,3/24/1912,6/30/1939,227,227,227,"[{},{},{}]"
228,Aubine,Maskill,Male,8/3/1971,9/3/1987,228,228,228,"[{},{},{},{}]"
229,Jeffy,Wildman,Female,2/17/2009,10/13/1940,229,229,229,[{}]
230,Sarina,Van Ross,Female,6/16/1996,10/20/1910,230,230,230,"[{},{}]"
231,Adolphe,Howroyd,Male,9/14/1900,3/8/1992,231,231,231,[{}]
232,Stefanie,Arlett,Male,7/29/1931,4/9/1900,232,232,232,"[{},{}]"
233,Wilie,Rossant,Male,6/12/2010,12/28/1966,233,233,233,[]
234,Aloisia,Trematick,Female,10/6/1948,3/13/1997,234,234,234,"[{},{},{},{}]"
235,Delmore,de'-Ancy Willis,Male,12/5/1960,2/2/1954,235,235,235,[{}]
236,Kylynn,Kitlee,Female,4/10/1953,8/16/1973,236,236,236,"[{},{},{},{}]"
237,Loree,Ubsdale,Male,9/13/1986,6/13/1948,237,237,237,"[{},{},{},{}]"
238,Conny,Vasilkov,Female,4/23/1965,5/8/1997,238,238,238,"[{},{},{}]"
239,Anissa,Bister,Male,11/13/2018,12/19/1974,239,239,239,[{}]
240,Burl,Oliver-Paull,Male,6/2/1978,1/1/2020,240,240,240,"[{},{},{}]"
241,Sheena,Demsey,Female,6/13/1944,7/5/1919,241,241,241,"[{},{}]"
242,Donna,Chase,Male,11/17/1927,3/14/2020,242,242,242,"[{},{},{}]"
243,Isidro,Linggood,Male,6/4/1949,9/8/1924,243,243,243,"[{},{},{},{},{}]"
244,Cherrita,Brooksby,Female,2/20/1934,2/7/1910,244,244,244,"[{},{},{}]"
245,Valeda,Caslane,Female,10/8/1968,12/14/1909,245,245,245,"[{},{}]"
246,Kristos,Extill,Male,4/26/1995,8/25/1983,246,246,246,"[{},{}]"
247,Raven,Kebbell,Female,8/24/1964,10/17/2010,247,247,247,"[{},{},{},{}]"
248,Jacqueline,Girvin,Female,6/22/1969,5/16/1994,248,248,248,"[{},{},{},{}]"
249,Doreen,Give,Female,11/4/1965,8/4/1999,249,249,249,"[{},{},{},{}]"
250,Margarita,Kuhne,Male,5/16/2013,6/15/1940,250,250,250,"[{},{},{},{},{}]"
251,Bryana,Christon,Female,5/24/1927,7/27/1935,251,251,251,"[{},{}]"
252,Zorine,Pomeroy,Male,11/20/1922,1/26/1931,252,252,252,[]
253,Nichole,Brydone,Female,5/9/1918,7/15/1979,253,253,253,[{}]
254,Amabelle,Fust,Female,12/25/1947,12/2/1901,254,254,254,"[{},{},{}]"
255,Georgine,Shimon,Female,8/10/1903,11/4/1965,255,255,255,[{}]
256,Harper,MacLaren,Male,6/14/1925,3/11/1978,256,256,256,"[{},{},{},{},{}]"
257,Renata,Emnoney,Female,8/13/1980,7/26/1957,257,257,257,[]
258,Mariejeanne,Brunstan,Male,8/4/1980,2/19/1946,258,258,258,"[{},{}]"
259,Ambrosius,Valsler,Male,4/11/1930,9/4/1945,259,259,259,[]
260,Orlando,Cardo,Male,12/19/2002,1/16/1932,260,260,260,"[{},{}]"
261,Frederich,Tomaszewski,Female,11/19/1971,2/15/1964,261,261,261,[{}]
262,Luce,Johnsson,Male,3/18/1900,6/4/2004,262,262,262,"[{},{},{}]"
263,Andriana,Allcoat,Female,7/27/1926,7/1/1953,263,263,263,[]
264,Minetta,Brabon,Male,7/27/1907,9/29/1911,264,264,264,[]
265,Robb,O'Garmen,Male,8/17/1942,1/28/2015,265,265,265,"[{},{},{}]"
266,Janine,Kenford,Male,7/7/1919,8/20/2008,266,266,266,[]
267,Adi,McConville,Male,3/1/1955,2/21/1915,267,267,267,"[{},{},{},{},{}]"
268,Justus,Price,Male,4/7/1913,9/7/1990,268,268,268,[{}]
269,Alfred,Warnes,Male,2/22/1962,10/22/1903,269,269,269,[]
270,Jacky,Fronzek,Male,8/10/1969,11/8/1985,270,270,270,"[{},{},{},{},{}]"
271,Clemens,Bygrove,Female,2/15/2012,11/14/1923,271,271,271,"[{},{}]"
272,Dorise,Bercher,Male,4/29/1928,1/14/1991,272,272,272,"[{},{}]"
273,Becca,Beagrie,Female,9/3/1979,5/20/1923,273,273,273,"[{},{}]"
274,Axe,Bruntje,Male,9/27/1930,3/22/1989,274,274,274,"[{},{},{},{}]"
275,Jammie,Anthoine,Female,4/29/2020,7/14/1999,275,275,275,"[{},{}]"
276,Wadsworth,Bointon,Male,10/15/1988,3/11/1914,276,276,276,[{}]
277,Kerri,Goldsby,Male,6/21/1996,6/28/1989,277,277,277,"[{},{},{}]"
278,Laney,Summerscales,Male,6/10/1989,5/8/1919,278,278,278,[]
279,Peri,Stannion,Female,2/17/1999,10/5/1990,279,279,279,"[{},{},{},{},{}]"
280,Giustina,Male,Male,10/13/1979,12/14/1987,280,280,280,"[{},{},{},{}]"
281,Averil,Scotchbrook,Male,4/6/1926,1/15/1980,281,281,281,[]
282,Der,Britcher,Female,1/5/1990,4/24/1920,282,282,282,"[{},{}]"
283,Walliw,Vondrach,Female,11/1/1979,3/13/1900,283,283,283,[]
284,Aura,Mudge,Male,10/23/1972,5/5/1912,284,284,284,[]
285,Calv,Woodhall,Female,8/26/1956,9/17/1975,285,285,285,"[{},{},{},{},{}]"
286,Erna,Ryles,Female,7/1/1914,11/18/1971,286,286,286,[]
287,Theodoric,McMeyler,Male,11/14/1918,2/24/1926,287,287,287,"[{},{},{}]"
288,Nalani,Garbott,Male,10/7/1999,5/8/1934,288,288,288,"[{},{},{},{}]"
289,Timothy,Sowman,Male,1/22/1910,7/16/1943,289,289,289,[]
290,Dulcinea,Blaschek,Male,3/1/1970,1/24/2012,290,290,290,"[{},{},{},{},{}]"
291,Drusilla,Fitzhenry,Male,10/29/1939,3/8/1936,291,291,291,"[{},{},{},{}]"
292,Leigh,Martell,Male,8/9/1913,10/30/1990,292,292,292,"[{},{},{}]"
293,Shirl,Widdecombe,Female,5/7/2007,4/12/1927,293,293,293,"[{},{},{}]"
294,Donavon,Moatt,Male,8/27/1915,9/25/2017,294,294,294,[]
295,Charmain,Joyes,Female,8/31/1970,12/14/1973,295,295,295,"[{},{},{}]"
296,Edouard,Hurdman,Female,5/15/1990,9/22/1962,296,296,296,"[{},{},{},{},{}]"
297,Eziechiele,Devigne,Male,8/29/1953,8/8/1975,297,297,297,"[{},{}]"
298,Nollie,Muller,Female,11/5/2010,10/11/1963,298,298,298,"[{},{}]"
299,Courtnay,Tomkys,Female,8/7/1949,10/4/2004,299,299,299,"[{},{},{},{}]"
300,Carla,Rapier,Male,4/11/1918,5/4/2007,300,300,300,"[{},{}]"
301,Gabriele,Dell Casa,Female,7/6/1948,8/5/1938,301,301,301,[{}]
302,Doralynne,O'Longain,Female,12/8/2015,9/11/2000,302,302,302,"[{},{},{}]"
303,Flinn,Rudsdale,Female,1/6/1978,6/4/1952,303,303,303,"[{},{},{}]"
304,Tony,Jacketts,Female,8/12/1944,12/25/1975,304,304,304,[]
305,Bernice,McShirrie,Male,4/25/1989,8/14/1945,305,305,305,"[{},{},{},{}]"
306,Jeana,Scheffel,Female,10/6/1933,4/11/1932,306,306,306,[]
307,Kacey,Goodfield,Male,1/27/2018,12/13/1945,307,307,307,"[{},{}]"
308,Ellene,Loan,Male,6/30/1945,7/2/1921,308,308,308,[{}]
309,Bord,Bearcock,Male,10/26/1943,11/27/2016,309,309,309,"[{},{},{}]"
310,Bertrand,Heinrici,Male,1/27/2016,3/16/1999,310,310,310,[]
311,Lester,Houlton,Male,3/29/2016,8/15/1916,311,311,311,"[{},{},{},{},{}]"
312,Gena,Dallaghan,Female,5/12/1905,8/18/1959,312,312,312,[{}]
313,Costanza,Blaskett,Male,8/18/1912,4/17/1989,313,313,313,"[{},{},{}]"
314,Shaina,Hertwell,Female,5/30/2019,3/20/1957,314,314,314,"[{},{},{},{},{}]"
315,Susi,Beldam,Female,1/18/1950,4/30/1943,315,315,315,"[{},{}]"
316,Nicolas,Goldring,Male,9/17/1947,11/20/1947,316,316,316,[{}]
317,Genia,Cheson,Male,7/24/1935,7/28/1953,317,317,317,"[{},{}]"
318,Curry,Tregiddo,Male,4/1/1913,12/31/1986,318,318,318,"[{},{},{},{},{}]"
319,Penni,Haddon,Female,11/21/1908,11/14/1991,319,319,319,"[{},{},{},{}]"
320,Clarey,Whyborne,Female,12/6/1960,1/15/1967,320,320,320,[]
321,Muffin,Jinkins,Female,9/26/1968,10/29/1942,321,321,321,"[{},{}]"
322,Evelyn,Gatland,Female,4/19/1900,12/26/1959,322,322,322,"[{},{}]"
323,Kattie,Gittings,Female,3/29/1904,7/31/1952,323,323,323,"[{},{},{}]"
324,Walsh,Shales,Male,4/2/1987,5/24/1935,324,324,324,[]
325,Garth,Cisland,Male,3/27/1987,7/9/1920,325,325,325,[]
326,Boony,Caughan,Male,10/14/2014,7/14/1943,326,326,326,[]
327,Sile,Tailour,Female,2/23/1974,1/1/1988,327,327,327,[{}]
328,Ram,Larchier,Male,12/15/1958,5/3/1912,328,328,328,"[{},{},{},{}]"
329,Syman,Constable,Female,7/30/1949,3/3/1998,329,329,329,"[{},{},{}]"
330,Nari,Keoghan,Male,3/19/2010,6/25/2012,330,330,330,[{}]
331,Xenia,Semmence,Male,7/16/1950,12/18/2014,331,331,331,"[{},{},{}]"
332,Ede,Boliver,Female,6/20/1936,1/13/1992,332,332,332,"[{},{},{},{},{}]"
333,Hurley,Dwelly,Female,6/14/2004,11/26/1949,333,333,333,"[{},{}]"
334,Petr,Duetschens,Male,9/2/1955,9/8/1994,334,334,334,"[{},{},{},{},{}]"
335,Ellynn,Dawber,Female,10/17/1913,3/14/1979,335,335,335,[{}]
336,Una,Eisig,Female,5/4/2003,12/27/1999,336,336,336,[]
337,Shina,Mumberson,Male,11/16/1979,6/17/1986,337,337,337,"[{},{},{}]"
338,Fifi,Harpur,Male,7/1/1951,11/20/1993,338,338,338,"[{},{},{},{}]"
339,Henrietta,Farnaby,Male,12/19/1949,12/18/1911,339,339,339,[]
340,Sara-ann,Coddrington,Female,10/20/1931,10/19/2008,340,340,340,[{}]
341,Dominga,Lannen,Male,9/29/1931,9/20/1994,341,341,341,"[{},{},{},{},{}]"
342,Donaugh,Renfree,Male,9/23/1990,9/28/1951,342,342,342,"[{},{}]"
343,Nicky,Enders,Male,11/13/1958,7/23/1983,343,343,343,"[{},{},{},{},{}]"
344,Tabitha,Clegg,Male,2/6/2009,11/3/1953,344,344,344,[{}]
345,Rance,Dufore,Male,12/21/1990,2/1/1990,345,345,345,"[{},{},{},{}]"
346,Pen,Weekland,Male,1/30/1980,7/22/1913,346,346,346,[]
347,Isadore,Vlies,Female,1/30/1939,9/5/1919,347,347,347,"[{},{},{},{}]"
348,Torrance,Boosey,Female,11/11/1965,10/4/2007,348,348,348,"[{},{},{}]"
349,Donall,Bainbridge,Female,8/22/1969,9/20/1990,349,349,349,"[{},{},{},{}]"
350,Brynna,Cavolini,Male,5/11/1942,9/28/1916,350,350,350,[{}]
351,Bordy,Magog,Female,2/28/1983,8/24/2014,351,351,351,[{}]
352,Winnifred,Loades,Female,2/15/1985,11/18/1935,352,352,352,"[{},{},{},{},{}]"
353,Pate,Halvosen,Female,10/21/1925,5/31/1994,353,353,353,"[{},{}]"
354,Cheslie,Partkya,Male,12/24/1969,10/23/1936,354,354,354,"[{},{}]"
355,Dreddy,Dimitrie,Female,7/25/1915,5/20/2015,355,355,355,"[{},{},{},{}]"
356,Leia,Cattlemull,Male,12/24/1949,2/16/2006,356,356,356,[{}]
357,Pernell,Ruddock,Male,1/13/1990,2/11/1950,357,357,357,[]
358,Dominick,Headly,Female,8/11/1945,3/23/1949,358,358,358,"[{},{},{}]"
359,Vonnie,Gwatkins,Female,2/3/1989,8/23/1966,359,359,359,"[{},{}]"
360,Dian,Loudian,Male,9/20/1977,2/22/1943,360,360,360,"[{},{},{}]"
361,Sapphira,Bosch,Female,7/12/2017,7/23/1986,361,361,361,"[{},{},{}]"
362,Nananne,Dutchburn,Male,2/28/1949,3/25/1992,362,362,362,"[{},{}]"
363,Michelle,Astlett,Male,8/12/1908,2/25/1993,363,363,363,"[{},{}]"
364,Matilda,Pury,Male,12/9/1994,5/29/1905,364,364,364,"[{},{},{},{}]"
365,Dalia,Gillise,Male,9/16/2015,9/21/1968,365,365,365,"[{},{},{}]"
366,Nicky,Sandell,Female,6/27/2004,3/22/1939,366,366,366,"[{},{}]"
367,Fara,Rawstorne,Female,4/3/1924,4/28/2017,367,367,367,[{}]
368,Raye,Crease,Male,4/3/1975,6/18/1965,368,368,368,"[{},{},{},{},{}]"
369,Dalli,Lukas,Male,1/1/1938,9/5/2019,369,369,369,"[{},{},{}]"
370,Jacinthe,Delhay,Female,9/3/1968,3/11/1993,370,370,370,"[{},{},{}]"
371,Kitti,Hudless,Female,8/16/1972,6/7/1988,371,371,371,"[{},{},{},{}]"
372,Federica,Becaris,Female,12/6/1971,11/18/2018,372,372,372,"[{},{},{},{},{}]"
373,Laureen,Etches,Male,8/12/1904,9/10/1976,373,373,373,[{}]
374,Roma,Bodega,Female,8/7/1938,11/21/1960,374,374,374,"[{},{},{}]"
375,Carma,Bernath,Male,9/7/1919,8/15/1925,375,375,375,[]
376,Davidde,MacMarcuis,Female,5/24/1901,12/19/1958,376,376,376,[{}]
377,Donica,Halsho,Male,10/7/1912,10/12/1939,377,377,377,"[{},{},{}]"
378,Darbee,Caddies,Female,10/10/1928,4/3/1975,378,378,378,[{}]
379,Gerti,Hucquart,Male,12/4/1915,9/8/1940,379,379,379,"[{},{},{},{},{}]"
380,Cecilla,Ralston,Female,10/4/1983,1/17/1927,380,380,380,[{}]
381,Fowler,Faustian,Male,2/14/2017,3/31/1950,381,381,381,"[{},{},{},{},{}]"
382,Stearn,Leirmonth,Female,3/20/2004,10/24/1987,382,382,382,[]
383,Anette,Luckman,Female,7/16/1947,7/30/1948,383,383,383,"[{},{},{},{},{}]"
384,Cob,Tuer,Female,5/11/1929,9/8/2016,384,384,384,[{}]
385,Wendi,Picken,Female,7/17/1968,7/26/1968,385,385,385,"[{},{}]"
386,Chucho,Tookill,Female,3/28/1993,9/7/1999,386,386,386,"[{},{}]"
387,Maxine,Roblin,Female,2/18/1910,10/5/1955,387,387,387,"[{},{},{},{}]"
388,Kory,Focke,Female,12/4/1933,8/10/1979,388,388,388,"[{},{},{},{}]"
389,Mauricio,Cowie,Female,5/9/1989,2/21/1963,389,389,389,"[{},{},{},{},{}]"
390,Edgardo,McEnteggart,Male,12/25/1937,5/14/1958,390,390,390,"[{},{},{},{},{}]"
391,Welbie,Knutton,Male,3/2/1963,6/19/1951,391,391,391,"[{},{}]"
392,Kellina,Batchelder,Female,3/7/1943,7/13/1987,392,392,392,[]
393,Westley,Culy,Female,11/3/1970,3/26/1991,393,393,393,"[{},{},{}]"
394,Gussi,Semechik,Male,2/5/1907,9/10/1953,394,394,394,"[{},{},{},{}]"
395,Granger,Braganza,Female,3/24/1986,12/19/1930,395,395,395,[{}]
396,Bay,Jamblin,Female,2/13/1971,5/25/2015,396,396,396,"[{},{}]"
397,Nellie,Mocher,Male,11/27/1974,10/28/1961,397,397,397,"[{},{},{},{},{}]"
398,Shepherd,McAughtrie,Male,12/25/1972,7/12/1908,398,398,398,"[{},{},{}]"
399,Thaxter,Helleckas,Male,3/21/1930,10/9/1941,399,399,399,"[{},{},{},{}]"
400,Umberto,Lotte,Female,5/23/2001,9/15/1975,400,400,400,[{}]
401,Victoir,Machin,Female,2/16/1934,11/11/1989,401,401,401,[{}]
402,Vaughn,Quinnelly,Female,5/10/2016,10/23/2012,402,402,402,[{}]
403,Justus,Carmel,Female,10/16/1956,2/9/2006,403,403,403,[]
404,Lissy,Sydall,Male,9/8/1987,6/7/2013,404,404,404,"[{},{}]"
405,Alphonso,Elland,Female,4/26/1994,8/15/1967,405,405,405,"[{},{},{}]"
406,Vernor,Kleinhaus,Male,5/23/1991,9/15/1941,406,406,406,"[{},{}]"
407,Cassandry,Rooper,Male,2/11/1969,6/2/1978,407,407,407,"[{},{}]"
408,Leela,Oriel,Male,11/28/1948,11/7/1963,408,408,408,"[{},{},{}]"
409,Torrin,Baughan,Female,1/30/1921,12/23/1925,409,409,409,"[{},{},{},{},{}]"
410,Merci,Syder,Male,11/4/2002,8/1/1917,410,410,410,[{}]
411,Marshal,Pavitt,Male,5/16/1910,2/5/1941,411,411,411,"[{},{},{},{}]"
412,Marlyn,Deavall,Female,7/13/1977,12/23/1910,412,412,412,"[{},{},{},{}]"
413,Eba,Medcalfe,Male,9/7/1929,9/26/2000,413,413,413,[{}]
414,Rayna,Portlock,Male,12/20/1955,7/20/2020,414,414,414,[]
415,Kipper,Grishin,Male,5/16/1997,11/4/1921,415,415,415,[{}]
416,Shanna,Radford,Male,6/2/1910,11/29/1990,416,416,416,"[{},{},{}]"
417,Cheri,Ciccottio,Male,8/4/1959,5/19/1905,417,417,417,[{}]
418,Lotty,Leahy,Male,3/12/1940,5/19/1962,418,418,418,"[{},{},{}]"
419,Darya,Rooksby,Male,8/28/1964,2/2/1923,419,419,419,[{}]
420,Winni,Sturman,Male,5/17/1968,11/8/1928,420,420,420,"[{},{},{},{}]"
421,Obidiah,Dignam,Female,7/1/1928,1/9/1935,421,421,421,"[{},{},{},{},{}]"
422,Nehemiah,Giovanizio,Male,12/1/1911,9/12/1921,422,422,422,"[{},{},{},{}]"
423,Tito,Curtoys,Female,6/9/2006,6/17/1925,423,423,423,"[{},{}]"
424,Mercie,Ellard,Male,11/19/1943,5/29/2017,424,424,424,[]
425,Dennie,Nowell,Male,10/11/2021,10/11/1987,425,425,425,"[{},{},{},{},{}]"
426,Guss,Stearne,Female,11/5/1959,9/23/1941,426,426,426,[{}]
427,Rorie,Dryden,Female,8/8/1930,3/22/2013,427,427,427,"[{},{},{}]"
428,Tobie,Westcott,Female,4/13/1968,11/28/2010,428,428,428,"[{},{},{},{},{}]"
429,Jarret,Barradell,Male,11/27/1966,10/11/1972,429,429,429,"[{},{}]"
430,Kendrick,Taffe,Male,10/9/1988,4/14/1992,430,430,430,"[{},{},{},{},{}]"
431,Broderic,Pinxton,Male,4/20/1983,12/8/1972,431,431,431,"[{},{},{},{}]"
432,Berne,Chrippes,Male,6/15/1945,10/27/1992,432,432,432,"[{},{},{},{},{}]"
433,Hayes,Messent,Female,5/20/1958,3/15/1956,433,433,433,"[{},{}]"
434,Elga,Galler,Male,9/13/2004,2/28/1967,434,434,434,[{}]
435,Hurlee,Crotch,Male,10/19/1985,8/5/2000,435,435,435,"[{},{},{}]"
436,Gerick,Vanes,Female,8/22/1993,8/23/1991,436,436,436,"[{},{},{}]"
437,Aldridge,Heineking,Male,5/1/1963,2/6/2021,437,437,437,"[{},{},{},{}]"
438,Daune,Gillogley,Female,9/11/1968,2/25/1960,438,438,438,"[{},{},{},{}]"
439,Uri,Doche,Male,12/8/1958,10/21/1974,439,439,439,[]
440,Jillane,Reolfi,Female,6/25/1998,10/13/1964,440,440,440,[{}]
441,Jesse,Lightbourne,Female,7/15/1970,9/9/1905,441,441,441,"[{},{},{},{},{}]"
442,Darnell,Callf,Female,1/12/1926,6/17/1951,442,442,442,[{}]
443,Fonzie,Molson,Female,5/27/1943,10/6/2007,443,443,443,"[{},{},{}]"
444,Garrick,Carrel,Female,10/2/1964,7/23/1944,444,444,444,"[{},{},{},{}]"
445,Baxter,Dradey,Male,12/26/1937,1/17/1903,445,445,445,[{}]
446,Brietta,Wandtke,Male,1/2/1975,6/2/1995,446,446,446,[]
447,Carola,Eliasson,Female,8/28/1958,6/2/2019,447,447,447,[{}]
448,Clemmy,Saynor,Female,7/23/1900,5/26/1917,448,448,448,[{}]
449,Linea,Kelner,Male,6/16/2014,4/26/1916,449,449,449,"[{},{},{},{}]"
450,Christine,MacTrustey,Male,12/11/1989,6/21/2011,450,450,450,"[{},{},{},{}]"
451,Leilah,Reihm,Male,2/9/1922,6/10/2015,451,451,451,"[{},{},{},{},{}]"
452,Jannelle,Galpin,Female,2/17/1947,3/31/1986,452,452,452,"[{},{},{},{}]"
453,Collin,Bromwich,Female,6/3/2016,6/29/2003,453,453,453,"[{},{}]"
454,Cassie,Wallach,Male,4/8/1997,2/12/1950,454,454,454,"[{},{},{}]"
455,Bartlett,Kornyshev,Male,1/23/2001,6/7/1988,455,455,455,"[{},{},{},{},{}]"
456,Andi,Keets,Female,5/7/1928,4/4/1935,456,456,456,"[{},{}]"
457,Neda,Fronsek,Female,12/20/1923,12/26/1978,457,457,457,[{}]
458,Kipp,Aymeric,Female,12/13/2013,4/13/1918,458,458,458,[]
459,Lonnard,Perrelle,Female,4/29/2004,11/6/2007,459,459,459,"[{},{},{}]"
460,Fraser,Wheeler,Female,5/16/1910,11/22/1904,460,460,460,"[{},{}]"
461,Amelina,Pepler,Female,9/4/1963,12/12/1996,461,461,461,[{}]
462,Orsola,Shotboult,Female,6/4/1903,1/21/1981,462,462,462,"[{},{},{},{},{}]"
463,Elberta,Infante,Female,2/26/1972,3/1/1906,463,463,463,"[{},{},{},{},{}]"
464,Rachele,Lamblin,Male,7/22/1951,6/12/1922,464,464,464,[]
465,Sophronia,Dimock,Female,5/2/1920,11/21/1920,465,465,465,"[{},{},{},{}]"
466,Barry,Millgate,Male,3/15/1949,3/15/2009,466,466,466,[]
467,Marena,Sobieski,Female,7/21/1994,2/9/2021,467,467,467,"[{},{}]"
468,Jaymie,Nolleau,Male,8/13/1907,9/4/2007,468,468,468,[]
469,Regina,Waadenburg,Male,8/1/1973,6/3/1946,469,469,469,[]
470,Homere,Rubinivitz,Female,3/9/1985,1/21/2013,470,470,470,"[{},{}]"
471,Nat,Place,Male,9/11/1902,8/16/1927,471,471,471,"[{},{}]"
472,Ninette,Driver,Male,7/7/1957,12/2/2001,472,472,472,[]
473,Reg,Way,Female,5/28/2003,10/6/2006,473,473,473,"[{},{},{},{}]"
474,Juliane,Attwill,Female,2/11/2009,7/26/1911,474,474,474,[{}]
475,Gwendolen,Padbery,Female,11/24/1928,10/2/1969,475,475,475,"[{},{},{},{},{}]"
476,Sloan,Rawll,Male,1/18/1912,12/12/1939,476,476,476,"[{},{},{}]"
477,Culley,Gerrell,Female,5/13/2010,8/6/1908,477,477,477,[]
478,Tyson,Lorente,Male,1/26/1998,5/16/1994,478,478,478,[{}]
479,Hester,Neligan,Male,4/14/1993,11/21/1946,479,479,479,[]
480,Elspeth,Botte,Male,11/15/1946,2/14/1943,480,480,480,"[{},{},{}]"
481,Mable,Battisson,Male,9/21/2003,8/20/2017,481,481,481,[]
482,Deeann,Perett,Male,11/22/1965,9/1/1972,482,482,482,"[{},{}]"
483,Joell,Hanley,Female,5/10/1998,2/13/1936,483,483,483,"[{},{},{},{},{}]"
484,Ingrid,Pellew,Male,9/23/1920,8/29/1959,484,484,484,[]
485,Jackelyn,Belcher,Female,2/5/1970,1/27/1950,485,485,485,[]
486,Claudina,Flatley,Female,11/12/1939,3/17/2003,486,486,486,"[{},{},{},{}]"
487,Heindrick,Hardwin,Male,2/4/1930,11/3/2006,487,487,487,"[{},{},{},{},{}]"
488,Bartlett,Meininger,Male,4/27/2015,7/6/1982,488,488,488,[]
489,Johann,Pealing,Female,10/16/1919,8/21/1945,489,489,489,"[{},{},{}]"
490,Pavlov,Shuter,Female,3/25/1905,10/8/2000,490,490,490,"[{},{},{},{},{}]"
491,Jed,Leatherbarrow,Male,2/2/1912,3/20/1970,491,491,491,"[{},{},{}]"
492,Barrett,Farlowe,Female,3/14/2001,8/21/1984,492,492,492,[{}]
493,Salli,Giblett,Male,12/28/1969,6/8/1924,493,493,493,"[{},{},{},{}]"
494,Ardelis,Poyzer,Male,1/28/1903,10/13/1919,494,494,494,"[{},{},{},{},{}]"
495,Hobart,Ambrus,Female,9/3/2017,4/22/2021,495,495,495,[]
496,Fayth,Starmore,Male,2/24/1957,3/21/1930,496,496,496,"[{},{},{},{}]"
497,Naoma,Frandsen,Male,7/25/2015,8/17/1947,497,497,497,"[{},{},{}]"
498,Carol-jean,Paz,Male,6/10/1927,6/24/1913,498,498,498,"[{},{},{}]"
499,Lorinda,Lawtie,Female,11/23/2010,2/1/1914,499,499,499,"[{},{},{},{}]"
500,Urbano,Revelle,Male,10/18/1962,1/1/2004,500,500,500,"[{},{}]"
501,Alfred,Bugge,Male,9/17/1927,1/8/2011,501,501,501,"[{},{},{},{},{}]"
502,Hart,Sheppey,Female,8/7/1964,7/18/1966,502,502,502,"[{},{},{},{}]"
503,Natalee,Schutze,Female,12/21/1912,7/17/1994,503,503,503,[{}]
504,Alica,Kidman,Female,9/4/1943,8/20/1986,504,504,504,"[{},{},{},{},{}]"
505,Elvyn,Denziloe,Female,9/9/1999,10/8/1913,505,505,505,"[{},{},{}]"
506,Alfred,Sumpter,Female,5/12/1945,8/14/1973,506,506,506,"[{},{}]"
507,Roley,Bignell,Male,10/30/2006,2/24/1957,507,507,507,"[{},{},{}]"
508,Jillene,Stubbin,Female,3/15/1930,3/14/1934,508,508,508,[]
509,Kala,Chatel,Male,12/24/1996,2/18/1909,509,509,509,[{}]
510,Renie,Jagielski,Male,12/2/1973,2/19/1930,510,510,510,[]
511,Lorne,Ormesher,Male,6/9/1958,11/19/1922,511,511,511,"[{},{},{}]"
512,Bentley,Reddy,Female,2/3/1945,2/26/1986,512,512,512,"[{},{},{},{},{}]"
513,Cherish,Kolis,Female,1/17/2014,3/10/2020,513,513,513,[{}]
514,Didi,Chapelhow,Female,12/30/1982,8/27/1991,514,514,514,[]
515,Pacorro,Livingstone,Female,11/16/1994,3/15/1969,515,515,515,[{}]
516,Meredith,Rucklidge,Male,6/3/1916,12/26/1928,516,516,516,[]
517,Tyrus,Bocock,Male,10/14/1923,10/15/1940,517,517,517,[]
518,Cheri,Howis,Male,12/28/1954,10/9/1978,518,518,518,"[{},{},{},{},{}]"
519,Hadleigh,Lockey,Female,5/23/2013,11/27/1965,519,519,519,"[{},{},{}]"
520,Gerda,Hardisty,Female,3/25/2005,9/21/1910,520,520,520,[]
521,Leroy,Ewbanche,Male,2/25/2010,2/29/1980,521,521,521,[]
522,Pammi,Dymott,Male,3/27/1944,2/9/1915,522,522,522,[{}]
523,Paddy,Mapstone,Male,8/10/1922,12/30/1994,523,523,523,"[{},{},{}]"
524,Dagmar,Rosewarne,Female,2/22/2002,9/7/2016,524,524,524,"[{},{},{},{}]"
525,Any,Harcus,Male,9/29/1933,10/12/1948,525,525,525,"[{},{},{},{},{}]"
526,Crin,Alforde,Female,8/14/1934,8/1/1916,526,526,526,"[{},{},{},{}]"
527,Bamby,Salvidge,Male,4/23/2006,9/8/1914,527,527,527,"[{},{},{},{},{}]"
528,Hansiain,Waddoups,Female,2/15/1981,7/24/1982,528,528,528,"[{},{}]"
529,Haskell,Fernao,Male,11/8/2009,7/28/1949,529,529,529,[{}]
530,Vyky,Angrock,Male,3/15/1969,9/30/1943,530,530,530,"[{},{},{}]"
531,Wayland,Baston,Female,3/7/1993,8/17/1928,531,531,531,"[{},{},{}]"
532,Hebert,Loadman,Male,5/8/1918,12/12/1930,532,532,532,"[{},{},{},{},{}]"
533,Junina,McCaughey,Male,12/29/2000,3/26/1944,533,533,533,[]
534,Quinlan,Shinner,Male,11/25/1958,5/1/1948,534,534,534,"[{},{},{}]"
535,Johnna,Mathissen,Female,1/12/1928,5/19/1984,535,535,535,"[{},{}]"
536,Roobbie,Wimmer,Male,1/20/1993,1/11/1969,536,536,536,"[{},{},{}]"
537,Keven,Haine,Male,5/4/1958,10/2/1949,537,537,537,"[{},{},{},{},{}]"
538,Sutherland,Reide,Male,9/13/2002,10/6/2003,538,538,538,[]
539,Udale,Chapell,Female,7/29/1937,1/19/1994,539,539,539,"[{},{},{}]"
540,Deck,Cerith,Male,7/7/1998,9/21/1979,540,540,540,"[{},{}]"
541,Alastair,Sidaway,Male,2/6/1906,11/15/2005,541,541,541,"[{},{}]"
542,Claudina,Cromar,Male,8/28/1909,11/8/1994,542,542,542,"[{},{},{},{},{}]"
543,Randie,Burrett,Male,12/30/1988,10/24/1917,543,543,543,[{}]
544,Ora,Seeley,Female,10/5/1957,10/20/1963,544,544,544,"[{},{}]"
545,Margette,Rigbye,Male,1/18/1956,12/26/2002,545,545,545,"[{},{},{},{}]"
546,Lula,Gayle,Male,5/25/2017,3/29/1963,546,546,546,"[{},{},{},{}]"
547,Renate,Dallicott,Female,10/28/1920,8/23/2013,547,547,547,"[{},{},{},{},{}]"
548,Whitman,Dobrovsky,Female,6/18/1989,1/21/1917,548,548,548,"[{},{},{}]"
549,Maxie,Pethybridge,Female,2/21/1995,6/2/1919,549,549,549,"[{},{},{},{},{}]"
550,Spenser,Minot,Male,2/22/2021,4/6/2011,550,550,550,"[{},{},{},{}]"
551,Krissie,Caddies,Male,2/5/1986,4/6/1909,551,551,551,[{}]
552,Giselbert,Golbourn,Male,3/20/1916,3/6/2003,552,552,552,"[{},{},{},{}]"
553,Marve,Clineck,Male,11/3/1945,4/22/1979,553,553,553,"[{},{},{},{},{}]"
554,Ophelie,Wallhead,Female,12/29/1904,11/17/1989,554,554,554,"[{},{},{},{}]"
555,Carola,Backwell,Male,5/17/1935,3/23/1931,555,555,555,"[{},{},{},{},{}]"
556,Beverlee,Ragdale,Male,9/9/1992,3/19/1953,556,556,556,[{}]
557,Val,Lehrer,Female,5/27/2013,8/2/1983,557,557,557,"[{},{},{}]"
558,Deina,Willey,Female,7/23/1976,9/5/1981,558,558,558,"[{},{},{}]"
559,Hedi,Ameer-Beg,Female,8/27/1974,10/26/1954,559,559,559,[]
560,Bordy,Freddi,Male,5/31/2007,12/5/1933,560,560,560,[{}]
561,Imogen,Giggie,Male,7/3/2008,2/6/1918,561,561,561,"[{},{},{},{},{}]"
562,Collin,Thurman,Female,12/8/1900,9/13/2003,562,562,562,"[{},{},{}]"
563,Mal,Antonnikov,Male,5/27/2018,1/9/1998,563,563,563,"[{},{},{},{}]"
564,Elicia,Hoggin,Female,7/23/2010,5/23/1984,564,564,564,"[{},{},{},{},{}]"
565,Mona,Fuzzens,Male,6/14/1949,5/16/1974,565,565,565,[{}]
566,Giffer,Holley,Male,12/29/1928,8/26/1934,566,566,566,[{}]
567,Dwight,Slimm,Male,3/7/2004,7/15/1934,567,567,567,"[{},{},{}]"
568,Guilbert,Chisholme,Male,5/26/1922,1/11/1903,568,568,568,[]
569,Diana,Caulier,Female,10/6/1991,9/18/1988,569,569,569,[]
570,Olympia,Condy,Female,9/13/1913,7/10/2003,570,570,570,[{}]
571,Kippy,Reisk,Female,5/19/1996,12/16/1962,571,571,571,"[{},{},{},{},{}]"
572,Buffy,Shorland,Female,5/23/1927,8/15/1959,572,572,572,[{}]
573,Herrick,Guyonnet,Male,7/11/1929,5/31/2021,573,573,573,"[{},{},{}]"
574,Flor,Oliphant,Female,8/8/1913,5/22/1931,574,574,574,[{}]
575,Chelsey,McCutheon,Female,5/11/1945,2/27/1908,575,575,575,[]
576,Ronald,Corselles,Male,1/2/2015,12/17/2006,576,576,576,[{}]
577,Charlotte,Ivanishin,Male,8/3/1933,4/2/1961,577,577,577,"[{},{},{},{}]"
578,Griffy,Rolin,Female,3/13/1996,1/18/1904,578,578,578,[{}]
579,Jamaal,Arboin,Female,7/26/1941,2/9/2021,579,579,579,"[{},{},{},{}]"
580,Lexy,Quakley,Female,6/15/1930,2/9/1995,580,580,580,"[{},{}]"
581,Ginnie,Paviour,Female,4/24/1962,4/5/1947,581,581,581,[{}]
582,Dacy,Duncanson,Male,1/3/1914,9/9/1906,582,582,582,"[{},{},{},{}]"
583,Abra,Colbridge,Female,10/2/2010,2/6/1951,583,583,583,"[{},{}]"
584,Lesli,Scrange,Female,7/28/2001,10/28/1986,584,584,584,"[{},{},{},{}]"
585,Rochell,Mabbe,Female,8/12/1983,4/7/1996,585,585,585,"[{},{},{},{}]"
586,Turner,Jordeson,Female,1/29/1913,5/8/1936,586,586,586,[]
587,Ileana,Ommanney,Female,2/17/1948,5/24/1940,587,587,587,"[{},{},{}]"
588,Virgina,Cotelard,Female,10/1/1916,6/2/1906,588,588,588,"[{},{},{}]"
589,Nerty,Gutman,Male,10/5/1986,9/19/1917,589,589,589,"[{},{},{}]"
590,Kinny,Swateridge,Male,10/27/2021,11/24/1944,590,590,590,"[{},{},{}]"
591,Goddard,McGrail,Male,7/29/2019,10/4/1903,591,591,591,"[{},{},{},{},{}]"
592,Carmina,Spatig,Male,11/22/1904,4/26/1926,592,592,592,"[{},{},{},{},{}]"
593,Otes,Groneway,Male,4/17/1920,9/1/1903,593,593,593,"[{},{},{}]"
594,Julissa,Ick,Female,10/19/1944,2/6/1904,594,594,594,[{}]
595,Fenelia,De la Harpe,Male,10/15/1957,7/4/2020,595,595,595,[]
596,Bab,Ell,Male,1/22/2008,7/14/2019,596,596,596,"[{},{}]"
597,Nevsa,Gummary,Female,1/7/1948,1/8/1942,597,597,597,"[{},{},{},{}]"
598,Roda,Neilson,Female,2/7/2015,1/21/2009,598,598,598,"[{},{}]"
599,Katherina,Sweating,Male,9/10/1990,10/4/1989,599,599,599,[{}]
600,Keslie,Sallan,Female,11/27/1971,10/9/1926,600,600,600,"[{},{},{}]"
601,Nonna,Clausen,Female,8/13/2012,9/15/1980,601,601,601,"[{},{},{},{},{}]"
602,Gilbertina,Matijevic,Male,3/4/2007,2/14/2003,602,602,602,"[{},{},{},{},{}]"
603,Audie,Pouck,Male,9/27/1948,6/22/1970,603,603,603,"[{},{},{},{},{}]"
604,Gardy,Duffit,Female,3/16/1949,12/12/1967,604,604,604,"[{},{},{}]"
605,Mitch,Haylock,Female,11/14/1979,10/6/1953,605,605,605,[{}]
606,Elladine,Bradnum,Female,7/11/1919,6/13/1985,606,606,606,"[{},{},{},{},{}]"
607,Simonette,Shilton,Female,11/10/1923,11/1/1987,607,607,607,"[{},{},{},{}]"
608,Malvina,Portwain,Female,8/15/1912,8/24/1987,608,608,608,"[{},{}]"
609,Gaspard,Benstead,Male,8/30/2012,10/30/1954,609,609,609,[{}]
610,Sybyl,Almak,Male,4/12/2008,5/25/1981,610,610,610,[]
611,Edna,Metzig,Male,12/1/1978,11/30/1965,611,611,611,"[{},{},{},{}]"
612,Dietrich,Lyal,Female,10/26/1913,11/9/1926,612,612,612,"[{},{}]"
613,Marlene,Henningham,Female,7/22/2013,12/1/1988,613,613,613,"[{},{},{}]"
614,Dur,Gheorghie,Female,3/19/1912,2/8/1983,614,614,614,"[{},{},{},{},{}]"
615,Mendie,Batting,Female,3/8/1953,10/2/1986,615,615,615,"[{},{},{}]"
616,Tabbie,Le Port,Male,1/5/2007,8/20/1922,616,616,616,[]
617,Shurlock,McAuliffe,Male,9/10/2021,12/24/1962,617,617,617,"[{},{},{}]"
618,Boris,Kimbly,Male,8/12/1989,11/17/1900,618,618,618,"[{},{}]"
619,Saba,Pratton,Male,1/24/1949,11/30/1959,619,619,619,"[{},{},{}]"
620,Fallon,Showell,Female,1/4/1947,7/14/1950,620,620,620,"[{},{},{}]"
621,Emera,Trice,Female,1/22/2012,8/26/1913,621,621,621,"[{},{},{}]"
622,Natalya,Toal,Male,3/24/1906,5/30/1973,622,622,622,[{}]
623,Witty,Lammers,Female,3/2/1913,4/21/1930,623,623,623,[]
624,Juliana,Szymonowicz,Female,10/3/1923,2/18/1988,624,624,624,"[{},{},{},{}]"
625,Dexter,Lightbourne,Male,4/6/1913,6/15/1992,625,625,625,[]
626,Chantal,Woofinden,Male,10/7/1950,5/12/1996,626,626,626,[{}]
627,Mildrid,Allanson,Male,11/9/1917,8/7/1939,627,627,627,"[{},{}]"
628,Oralie,Wethey,Female,10/13/1984,4/6/1905,628,628,628,"[{},{},{},{},{}]"
629,Dylan,Rames,Female,10/16/1968,7/13/1936,629,629,629,[]
630,Hank,Weild,Female,7/23/2019,6/30/1994,630,630,630,"[{},{},{},{}]"
631,Amie,Perassi,Female,9/16/1991,9/1/1968,631,631,631,[]
632,Stefano,Connold,Male,8/10/1980,3/6/1947,632,632,632,"[{},{}]"
633,Barr,Usherwood,Male,1/4/1999,2/8/1998,633,633,633,"[{},{}]"
634,Guglielma,MacDearmid,Male,4/26/2012,4/29/1947,634,634,634,[]
635,Frayda,Wildsmith,Female,1/4/1947,5/22/1924,635,635,635,[{}]
636,Felike,Pulman,Female,3/2/1935,11/1/1958,636,636,636,[{}]
637,Mariann,Wiersma,Female,5/4/1943,11/15/2000,637,637,637,[{}]
638,Hermann,Cornelis,Female,8/27/1966,2/8/1958,638,638,638,[{}]
639,Irene,Boswell,Male,1/22/1957,10/22/1987,639,639,639,"[{},{}]"
640,Ibby,Rozycki,Female,3/21/1983,7/31/1929,640,640,640,"[{},{},{},{}]"
641,Caitrin,Gatling,Male,9/21/1929,12/26/2015,641,641,641,[]
642,Rasia,Covington,Male,8/24/1919,11/14/2001,642,642,642,[]
643,Billie,Jentle,Male,11/12/2002,12/31/1928,643,643,643,"[{},{},{}]"
644,Kathi,Jollye,Male,7/4/1958,2/23/1929,644,644,644,"[{},{},{},{},{}]"
645,Lea,Dadd,Male,7/17/2020,11/14/1969,645,645,645,[{}]
646,Joletta,Buttress,Male,3/16/1901,8/3/1992,646,646,646,"[{},{},{},{}]"
647,Tierney,Phidgin,Male,3/1/1912,6/20/2005,647,647,647,"[{},{},{},{}]"
648,Bell,Nussen,Female,6/15/2006,5/23/1925,648,648,648,[{}]
649,Jeremy,Gyver,Female,8/29/1972,10/27/2018,649,649,649,"[{},{}]"
650,Cher,Cordingly,Male,7/16/1959,4/1/1911,650,650,650,[]
651,Helsa,Agutter,Female,6/22/2019,11/10/2020,651,651,651,"[{},{},{},{}]"
652,Lonna,Scamerden,Female,10/30/1910,1/22/2007,652,652,652,[{}]
653,Joe,Moralee,Male,5/26/1987,2/5/1902,653,653,653,[{}]
654,Murvyn,Yvon,Male,12/1/1966,8/7/1983,654,654,654,"[{},{},{},{},{}]"
655,Wynn,Caraher,Male,8/24/1976,1/7/2013,655,655,655,"[{},{},{},{},{}]"
656,Doralia,Colton,Female,2/25/1925,1/15/1943,656,656,656,[]
657,Trisha,Curryer,Male,12/12/1937,10/18/1908,657,657,657,"[{},{},{},{},{}]"
658,Marlin,Heineking,Male,2/8/1903,9/27/1913,658,658,658,[]
659,Odie,Bernardelli,Male,2/13/1993,4/19/2001,659,659,659,"[{},{},{},{}]"
660,Brigit,Locket,Male,4/3/1981,9/30/1972,660,660,660,"[{},{}]"
661,Raoul,Delacourt,Male,12/4/1986,1/7/2014,661,661,661,[]
662,Noreen,Lednor,Female,4/12/1988,11/28/1956,662,662,662,"[{},{}]"
663,Hayward,Edmans,Female,5/2/1972,10/5/2004,663,663,663,"[{},{},{},{}]"
664,Philbert,Roughan,Female,4/4/1986,5/27/2007,664,664,664,"[{},{},{},{}]"
665,Hunter,Blankhorn,Female,12/30/1949,9/22/2017,665,665,665,[]
666,Binny,Waddilove,Female,3/15/1996,1/12/1960,666,666,666,"[{},{},{}]"
667,Paulie,Cankett,Male,12/25/2002,10/29/2008,667,667,667,"[{},{},{},{},{}]"
668,Gifford,Orrey,Male,8/3/2001,9/9/1933,668,668,668,"[{},{}]"
669,Stefan,Loosemore,Male,3/16/1933,12/16/1946,669,669,669,"[{},{},{},{},{}]"
670,Mikol,Harnott,Male,3/25/1974,5/29/1924,670,670,670,"[{},{}]"
671,Codee,Stienham,Male,12/18/1990,4/1/1939,671,671,671,"[{},{},{},{},{}]"
672,Jerad,Huguenet,Female,8/31/1900,12/2/1968,672,672,672,[]
673,Zandra,Stuer,Male,10/5/2017,1/11/1993,673,673,673,[{}]
674,Osmond,Golston,Female,3/20/1938,4/22/2005,674,674,674,"[{},{},{},{},{}]"
675,Maxine,Jiggle,Male,10/19/2004,7/29/2012,675,675,675,"[{},{},{}]"
676,Austen,Vallack,Male,10/6/1911,7/10/2021,676,676,676,"[{},{}]"
677,Andrea,Pollicott,Female,11/8/1922,10/17/1916,677,677,677,[{}]
678,Orbadiah,Pregel,Male,8/7/1910,1/29/1947,678,678,678,[]
679,Laney,Kingh,Male,4/11/1942,5/26/1920,679,679,679,"[{},{},{}]"
680,Ferdinanda,Marchant,Male,7/25/1930,4/12/1980,680,680,680,"[{},{},{},{},{}]"
681,Leslie,McKeggie,Female,6/11/2009,9/9/1997,681,681,681,"[{},{},{}]"
682,Shaun,Cornes,Female,11/6/1989,5/12/1960,682,682,682,"[{},{},{},{}]"
683,Ardyth,Lording,Female,6/8/2001,9/20/1906,683,683,683,"[{},{},{},{},{}]"
684,Olympie,Schiersch,Male,11/12/2017,10/21/2001,684,684,684,[{}]
685,Zita,Hagan,Male,8/24/1900,2/14/1966,685,685,685,"[{},{},{},{},{}]"
686,Say,Armfirld,Female,11/3/1955,2/22/1970,686,686,686,"[{},{},{},{},{}]"
687,Casie,Piddle,Male,2/17/1923,1/8/1948,687,687,687,[]
688,Claire,Eades,Female,2/20/1906,10/7/2004,688,688,688,"[{},{},{},{},{}]"
689,Cordi,Jaggli,Female,5/23/1966,3/4/1928,689,689,689,[]
690,Iormina,Waycot,Male,4/15/1902,6/27/1914,690,690,690,"[{},{},{},{}]"
691,Perice,Guido,Female,2/9/1940,12/26/1966,691,691,691,"[{},{},{},{},{}]"
692,Rene,Cheney,Male,10/1/1943,3/19/1969,692,692,692,"[{},{},{},{}]"
693,Eddy,Marr,Female,9/17/1945,7/24/1937,693,693,693,[{}]
694,Felix,Jacobovitch,Male,10/25/1987,7/21/1982,694,694,694,[{}]
695,Merrie,Mossbee,Female,11/30/1942,8/26/1934,695,695,695,"[{},{},{}]"
696,Cecil,Sheircliffe,Female,3/13/1972,8/13/1909,696,696,696,"[{},{},{},{},{}]"
697,Yoshi,Liddington,Female,8/29/1968,7/31/2008,697,697,697,"[{},{},{},{}]"
698,Jaclyn,Marcos,Female,6/12/2014,10/1/1948,698,698,698,"[{},{}]"
699,Rhodie,Alwin,Male,5/10/1936,12/8/2011,699,699,699,"[{},{},{},{}]"
700,Danyette,Worviell,Male,11/24/2015,1/22/2016,700,700,700,[{}]
701,Marya,Twelves,Female,8/5/2003,8/22/1973,701,701,701,"[{},{},{},{}]"
702,Norbert,Bottinelli,Female,8/14/2014,11/1/1966,702,702,702,"[{},{},{}]"
703,Corly,Burnyeat,Female,5/24/1900,8/31/1902,703,703,703,[{}]
704,Puff,Callar,Male,10/4/1913,2/2/2019,704,704,704,"[{},{}]"
705,Dyanna,Enrrico,Male,12/27/1901,3/15/1911,705,705,705,"[{},{}]"
706,Spence,Bengoechea,Female,6/10/1922,5/21/1922,706,706,706,[]
707,Cheston,Bickardike,Female,1/16/1982,9/21/1940,707,707,707,[]
708,Warde,McCoy,Female,8/13/1970,10/11/1905,708,708,708,"[{},{},{}]"
709,Jillie,Grissett,Male,5/5/1947,12/24/1905,709,709,709,[]
710,Crissie,Bullimore,Female,2/3/1996,11/8/1985,710,710,710,[]
711,Cristina,Trippack,Female,12/29/1969,3/4/1970,711,711,711,[]
712,Velvet,Saynor,Male,1/17/1934,11/29/1957,712,712,712,"[{},{}]"
713,Gerik,Konertz,Female,4/28/1904,3/28/1900,713,713,713,[{}]
714,Mavra,Van Arsdalen,Female,3/12/1943,12/22/1904,714,714,714,[]
715,Elliott,McDell,Male,12/16/2019,3/22/1982,715,715,715,"[{},{}]"
716,Leslie,Keyme,Male,3/28/1969,1/14/2011,716,716,716,[{}]
717,Mame,Devote,Male,11/7/1922,3/15/1953,717,717,717,"[{},{},{}]"
718,Prissie,Minogue,Male,12/8/1996,1/14/1945,718,718,718,"[{},{},{}]"
719,Sybille,Spain-Gower,Male,2/19/1985,8/13/2017,719,719,719,"[{},{},{},{},{}]"
720,Suzette,Gatenby,Male,8/25/2009,1/1/1933,720,720,720,"[{},{},{}]"
721,Twyla,Slorach,Female,12/27/1909,3/4/1917,721,721,721,"[{},{},{},{},{}]"
722,Dewie,Kobel,Male,9/15/1992,7/13/1902,722,722,722,"[{},{},{}]"
723,Sybyl,Eusden,Female,4/27/1950,11/3/1908,723,723,723,"[{},{},{}]"
724,Shirline,Handrik,Male,5/25/1989,10/10/1986,724,724,724,"[{},{},{},{},{}]"
725,Reggis,Lenard,Female,10/10/1905,6/21/1918,725,725,725,"[{},{},{},{},{}]"
726,Esmaria,Inglefield,Male,12/26/1936,2/13/1937,726,726,726,"[{},{}]"
727,Ignace,Ritchie,Female,6/21/1934,6/26/1961,727,727,727,[]
728,Porty,Friel,Female,12/13/1931,8/12/1979,728,728,728,"[{},{},{},{},{}]"
729,Katy,Sikorsky,Female,8/3/1901,9/24/1953,729,729,729,[{}]
730,Netty,Kilbane,Female,12/10/2018,1/31/1904,730,730,730,"[{},{}]"
731,Sergio,Farnan,Female,7/14/1964,7/17/1926,731,731,731,[{}]
732,Koral,Pesselt,Female,3/18/2013,12/5/1991,732,732,732,[]
733,Barrie,Ruggles,Male,8/25/1915,7/4/2009,733,733,733,"[{},{}]"
734,Patrice,Vaadeland,Male,8/10/1933,4/12/1981,734,734,734,[{}]
735,Micheline,Saunier,Male,3/10/1980,1/28/2021,735,735,735,[{}]
736,Lainey,Pinwell,Male,12/22/1924,6/11/1988,736,736,736,[]
737,Beverley,Dunckley,Female,3/15/2011,6/13/1979,737,737,737,"[{},{}]"
738,Tamarra,Gounod,Male,8/31/1994,12/19/1998,738,738,738,"[{},{},{}]"
739,Izabel,Sola,Male,5/9/1931,3/18/1927,739,739,739,"[{},{},{},{}]"
740,Charlene,Pellatt,Male,7/29/2000,2/1/1907,740,740,740,"[{},{},{},{},{}]"
741,Salem,Wannes,Male,6/23/1962,8/14/2000,741,741,741,"[{},{},{}]"
742,Hunfredo,Derrington,Male,9/26/2004,9/11/1999,742,742,742,[{}]
743,Willetta,Moulds,Male,4/22/1953,8/21/1918,743,743,743,"[{},{}]"
744,Matthiew,Oertzen,Female,3/9/1903,11/4/1975,744,744,744,"[{},{},{}]"
745,Melonie,Roberti,Female,11/3/1998,1/20/1952,745,745,745,[]
746,Addie,Jendricke,Female,11/8/1928,6/9/2021,746,746,746,"[{},{},{},{},{}]"
747,Nickey,Job,Male,2/15/1914,3/16/1976,747,747,747,"[{},{},{}]"
748,Shell,Caudelier,Male,11/22/2013,12/7/1975,748,748,748,[]
749,Nobie,Braycotton,Female,2/20/2007,7/4/1931,749,749,749,"[{},{}]"
750,Charmian,Putton,Female,7/13/1970,8/23/1963,750,750,750,[]
751,Nye,Blatchford,Female,7/22/1931,12/20/1972,751,751,751,"[{},{},{}]"
752,Theodosia,Charley,Male,4/28/2008,2/21/1989,752,752,752,[{}]
753,Lars,Gorman,Male,4/8/2021,4/27/1977,753,753,753,"[{},{},{},{},{}]"
754,Germaine,Bothram,Male,4/26/1977,9/27/2005,754,754,754,"[{},{}]"
755,Audi,Cudiff,Male,2/18/1949,4/2/1939,755,755,755,"[{},{},{}]"
756,Hamnet,Stringer,Male,12/10/1916,1/11/1988,756,756,756,"[{},{},{},{}]"
757,Lidia,Clemens,Male,8/5/1934,6/2/1903,757,757,757,[{}]
758,Eduino,Hofner,Female,2/8/1931,3/10/2001,758,758,758,[{}]
759,Fanni,Coltart,Female,9/6/1960,2/25/1986,759,759,759,[]
760,Ailee,Sully,Male,3/7/1986,10/26/1954,760,760,760,"[{},{},{}]"
761,Blane,Bransdon,Female,12/25/2007,6/9/2015,761,761,761,"[{},{},{},{}]"
762,Natala,Feasley,Female,3/9/1992,1/5/1960,762,762,762,"[{},{},{}]"
763,Helenka,Golton,Male,3/31/1936,11/22/1928,763,763,763,"[{},{},{}]"
764,Melba,Catley,Female,4/4/1917,7/26/1968,764,764,764,[{}]
765,Lanny,Cansdale,Male,8/25/1951,9/4/1917,765,765,765,"[{},{},{},{}]"
766,Dugald,Gook,Male,3/3/1960,8/1/1945,766,766,766,"[{},{},{},{},{}]"
767,Donny,Salvadore,Male,7/14/1932,4/3/1949,767,767,767,"[{},{},{},{},{}]"
768,Laurena,Hudson,Female,5/12/1908,3/14/1930,768,768,768,"[{},{}]"
769,Bernard,Balme,Male,9/20/1936,7/25/1902,769,769,769,"[{},{},{},{}]"
770,Dunc,Pol,Male,1/5/1946,3/14/2004,770,770,770,[{}]
771,Enrika,Siccombe,Male,4/22/1955,12/18/1925,771,771,771,"[{},{},{},{},{}]"
772,Dahlia,Counihan,Female,9/28/1981,9/5/1986,772,772,772,"[{},{},{}]"
773,Wendye,Heater,Female,10/7/1903,1/19/1982,773,773,773,[{}]
774,Orton,Hassan,Female,7/30/1955,10/30/1921,774,774,774,"[{},{},{},{}]"
775,Helene,Ilyunin,Male,6/14/1952,1/7/1928,775,775,775,"[{},{},{}]"
776,Ty,Zmitrichenko,Female,11/20/1964,4/6/2015,776,776,776,"[{},{},{},{},{}]"
777,Guenevere,Domenichelli,Male,7/19/1989,6/23/2000,777,777,777,"[{},{},{},{}]"
778,Ulla,Stonbridge,Male,6/5/1943,7/25/1991,778,778,778,"[{},{},{},{},{}]"
779,Camilla,Gager,Male,2/13/1959,3/14/1978,779,779,779,"[{},{},{},{},{}]"
780,Josselyn,Larner,Male,7/1/1988,4/28/2013,780,780,780,"[{},{},{},{},{}]"
781,Andros,Waycot,Female,10/3/2003,10/28/1941,781,781,781,[{}]
782,Gerik,Escott,Male,8/14/1931,4/16/1906,782,782,782,[]
783,Ahmad,Ollivier,Female,9/2/1971,6/3/1905,783,783,783,"[{},{},{}]"
784,Karlik,Wimpenny,Male,9/29/1991,11/2/2006,784,784,784,[]
785,Sosanna,Sygrove,Female,11/20/2005,9/23/2009,785,785,785,"[{},{},{},{},{}]"
786,Antonetta,Sellen,Female,11/11/1999,12/19/1981,786,786,786,"[{},{},{}]"
787,Chiarra,Dukelow,Female,5/6/1958,2/26/1978,787,787,787,"[{},{},{},{}]"
788,Benji,Yushin,Female,2/2/1998,10/19/1961,788,788,788,"[{},{},{},{},{}]"
789,Carlye,Spoward,Female,11/13/1901,6/5/1978,789,789,789,"[{},{},{},{}]"
790,Yalonda,Secombe,Female,11/19/1985,8/21/1904,790,790,790,"[{},{},{},{},{}]"
791,Gizela,Tyson,Male,4/10/2018,6/9/1946,791,791,791,[{}]
792,Jennine,Channon,Male,6/6/1968,6/20/1978,792,792,792,[{}]
793,Lindon,Ilett,Female,7/19/1991,3/18/1965,793,793,793,"[{},{},{},{},{}]"
794,Valida,Roddell,Female,7/14/1935,11/14/1902,794,794,794,"[{},{},{},{},{}]"
795,Camel,Tripon,Male,3/26/1956,8/11/1979,795,795,795,"[{},{}]"
796,Sherwynd,Liddell,Female,7/2/1936,6/16/1964,796,796,796,[{}]
797,Carolyn,Wyke,Female,11/15/1932,9/25/1949,797,797,797,"[{},{},{},{}]"
798,Halley,Keuning,Female,2/22/1967,10/1/1917,798,798,798,"[{},{},{},{}]"
799,Galvan,Piner,Female,12/7/1941,4/18/1979,799,799,799,"[{},{},{},{}]"
800,Annecorinne,Cubbinelli,Male,9/28/1980,2/1/1986,800,800,800,"[{},{},{},{}]"
801,Idalia,Fulun,Female,2/24/2013,8/8/1982,801,801,801,[]
802,Olympie,Towl,Male,3/20/1913,4/25/2009,802,802,802,"[{},{}]"
803,Derick,Stratiff,Male,10/19/1947,5/18/1995,803,803,803,[{}]
804,Kiri,Wyldes,Female,6/14/1918,9/5/1973,804,804,804,"[{},{},{}]"
805,Ramon,Farthing,Male,3/3/1966,1/31/1946,805,805,805,"[{},{},{},{},{}]"
806,Kristine,Young,Male,10/28/1968,11/23/1991,806,806,806,"[{},{},{},{},{}]"
807,Drona,Dayton,Male,10/22/1955,7/28/1973,807,807,807,[{}]
808,Alf,Impett,Male,12/23/1931,5/31/1965,808,808,808,[{}]
809,Siffre,Petyakov,Female,7/15/1993,11/10/2016,809,809,809,[]
810,Sorcha,Nealy,Female,4/27/1948,2/12/1969,810,810,810,"[{},{},{},{}]"
811,Hortense,Tyhurst,Female,1/2/2014,9/12/2003,811,811,811,"[{},{},{},{},{}]"
812,Jeremy,Spiteri,Male,10/27/1972,7/3/1968,812,812,812,[]
813,Roxie,Wray,Male,6/12/1969,10/29/1930,813,813,813,[{}]
814,Betteann,McGuggy,Female,11/3/2011,8/29/1951,814,814,814,[]
815,Noami,Cowles,Male,6/26/2016,8/20/1930,815,815,815,[{}]
816,Stephani,Bank,Male,7/19/1920,10/7/2016,816,816,816,"[{},{},{},{},{}]"
817,Deborah,Pachta,Female,2/9/1900,1/1/1998,817,817,817,"[{},{},{},{}]"
818,Maire,Gasticke,Female,3/31/1905,5/7/1918,818,818,818,[]
819,Claudina,Di Filippo,Male,7/17/1997,5/24/1941,819,819,819,"[{},{},{},{}]"
820,Alick,Gillies,Male,11/1/1989,2/17/1918,820,820,820,[]
821,Helsa,Chapell,Male,11/4/1900,1/14/1940,821,821,821,"[{},{},{}]"
822,Terri,Ricards,Male,3/7/2019,11/29/1920,822,822,822,[{}]
823,Tony,Tewes,Male,8/8/2016,8/26/1966,823,823,823,"[{},{},{}]"
824,Eddie,Schulkins,Female,6/9/1974,2/11/1939,824,824,824,"[{},{},{},{}]"
825,Jacinthe,Broadist,Male,6/24/1930,4/28/1916,825,825,825,[]
826,Morse,Queripel,Male,6/1/1915,5/8/1930,826,826,826,"[{},{},{}]"
827,Ahmad,Rodrig,Male,10/21/1905,9/8/1906,827,827,827,"[{},{},{},{},{}]"
828,Ephraim,Cardenosa,Female,8/20/1982,2/15/1916,828,828,828,"[{},{}]"
829,Saidee,Hugenin,Female,10/23/1947,5/3/1986,829,829,829,[]
830,Wallace,Dand,Male,1/29/1933,11/14/1983,830,830,830,"[{},{}]"
831,Olympe,Luckman,Male,1/27/1994,9/3/1918,831,831,831,[{}]
832,Regan,Sime,Male,11/26/1953,2/25/2005,832,832,832,"[{},{},{},{},{}]"
833,Dulcine,Sharply,Female,9/22/2000,8/18/1970,833,833,833,"[{},{}]"
834,Hurley,Beswetherick,Female,6/17/1983,8/29/1983,834,834,834,[]
835,Frasier,Menendez,Female,1/2/1914,1/2/1961,835,835,835,"[{},{},{},{},{}]"
836,Norrie,Kelf,Female,8/17/1930,9/18/1953,836,836,836,"[{},{}]"
837,Denny,Landis,Female,1/25/1987,12/11/2013,837,837,837,"[{},{}]"
838,Ingrid,Laurenson,Female,9/8/1956,6/5/2017,838,838,838,[{}]
839,Ruben,Whitlaw,Female,12/24/1964,8/8/1902,839,839,839,[{}]
840,Kendal,Panter,Female,5/31/1935,6/10/1987,840,840,840,"[{},{}]"
841,Corrine,Gannan,Female,10/21/1928,5/15/1957,841,841,841,"[{},{},{}]"
842,Suzann,Rassell,Male,2/8/1961,5/1/1957,842,842,842,[{}]
843,Sascha,Champion,Male,12/13/1998,8/9/1911,843,843,843,"[{},{}]"
844,Farleigh,Abramson,Male,7/12/1940,4/9/1927,844,844,844,"[{},{}]"
845,Iseabal,Cushion,Male,8/7/1993,10/21/1911,845,845,845,"[{},{},{}]"
846,Tomasine,Goadsby,Male,3/5/1995,4/9/1997,846,846,846,"[{},{},{},{},{}]"
847,Kelwin,Stuckow,Female,8/25/1913,9/25/1965,847,847,847,[{}]
848,Markos,Mingardo,Female,12/26/1925,4/14/1900,848,848,848,"[{},{},{},{}]"
849,Rutherford,Jurges,Male,9/24/1903,6/1/1931,849,849,849,[{}]
850,Pattie,Quartley,Male,10/20/1986,11/24/1982,850,850,850,[{}]
851,Obadiah,Grunnill,Female,10/8/2021,12/21/1931,851,851,851,[]
852,Britteny,Borrows,Male,1/3/1910,7/16/1911,852,852,852,"[{},{},{},{}]"
853,Swen,McKim,Male,2/25/1912,2/17/2011,853,853,853,[{}]
854,Norris,Burgess,Female,2/7/1975,4/29/1929,854,854,854,"[{},{}]"
855,Appolonia,Wollers,Female,12/15/2001,8/11/2006,855,855,855,[]
856,Micaela,Filpo,Male,9/15/2011,1/16/1920,856,856,856,"[{},{},{}]"
857,Maren,Silk,Male,7/21/1906,3/13/2017,857,857,857,"[{},{},{},{},{}]"
858,Hunter,Tetsall,Female,8/31/1968,11/18/1911,858,858,858,"[{},{},{},{},{}]"
859,Huntley,Ronan,Male,11/6/1991,4/3/1906,859,859,859,[{}]
860,Horten,Woolham,Female,10/25/1991,11/26/1961,860,860,860,"[{},{},{},{}]"
861,Desiree,Murr,Female,3/3/2021,11/10/1930,861,861,861,"[{},{},{}]"
862,Giustina,Dalman,Female,12/13/1996,3/23/1902,862,862,862,[]
863,Callie,Berrisford,Female,6/8/1953,11/4/1940,863,863,863,[]
864,Lindy,Bagnal,Male,4/21/1922,2/20/1930,864,864,864,[]
865,Erminia,Wasielewicz,Female,6/26/1995,5/27/2000,865,865,865,[]
866,Gino,Porritt,Female,5/18/1982,12/2/1978,866,866,866,"[{},{},{},{}]"
867,Daisie,Tollit,Female,9/18/1905,11/6/1937,867,867,867,"[{},{},{}]"
868,L;urette,Streeton,Female,11/4/1946,2/8/1955,868,868,868,"[{},{},{},{}]"
869,Iggie,Aldwick,Male,5/25/2000,5/24/2010,869,869,869,[]
870,Betsey,Cheng,Male,4/7/1931,11/26/1998,870,870,870,"[{},{},{},{},{}]"
871,Carmina,Yanyushkin,Female,4/6/1987,2/26/1946,871,871,871,"[{},{},{},{}]"
872,Lyndell,Newlan,Female,6/1/1958,2/10/1969,872,872,872,"[{},{},{},{}]"
873,Trenton,Mattis,Male,11/22/1995,12/6/1970,873,873,873,"[{},{},{}]"
874,Agnola,Burgum,Male,11/22/2005,5/27/1930,874,874,874,[]
875,Cullin,Nevison,Male,5/7/1960,4/20/1985,875,875,875,[{}]
876,Staci,Eidler,Male,6/29/1954,12/24/1929,876,876,876,"[{},{}]"
877,Odessa,Cerie,Female,3/3/1960,11/29/1900,877,877,877,"[{},{},{},{},{}]"
878,Case,MacKenny,Female,7/7/1905,11/27/1931,878,878,878,[]
879,Byrle,Bette,Male,2/21/1956,5/5/1953,879,879,879,"[{},{},{}]"
880,Odetta,Greggersen,Male,11/17/1955,3/1/2021,880,880,880,"[{},{},{},{}]"
881,Scotti,Blazdell,Male,11/3/1966,9/8/2017,881,881,881,"[{},{},{}]"
882,Maurene,Joist,Female,4/6/1924,7/26/1977,882,882,882,"[{},{}]"
883,Codi,Raimbauld,Male,1/24/1909,4/2/1963,883,883,883,[{}]
884,Isadore,Pipworth,Female,1/26/1977,10/23/1999,884,884,884,"[{},{},{}]"
885,Adrian,Dymond,Male,11/12/1932,3/21/1993,885,885,885,[]
886,Nikolai,Hetterich,Male,12/16/1960,7/10/1987,886,886,886,[]
887,Kristy,de Merida,Male,6/17/1913,9/22/1964,887,887,887,"[{},{},{},{},{}]"
888,Fabiano,Clubley,Male,5/13/1967,9/16/1908,888,888,888,"[{},{}]"
889,Shoshanna,Bleibaum,Male,2/7/2009,10/21/1904,889,889,889,"[{},{},{},{},{}]"
890,Bev,Polycote,Female,10/9/1915,7/3/1977,890,890,890,"[{},{},{}]"
891,Yorke,Coupar,Female,3/15/1912,12/20/2021,891,891,891,"[{},{},{},{},{}]"
892,Dulcia,Bryden,Male,5/14/2014,5/10/1949,892,892,892,"[{},{},{},{},{}]"
893,Derek,Lempke,Male,8/30/1955,6/9/1994,893,893,893,"[{},{},{}]"
894,Nadeen,Garry,Female,11/4/1933,11/2/1969,894,894,894,[]
895,Thibaut,Flipsen,Female,9/27/2000,7/13/2005,895,895,895,"[{},{}]"
896,Leola,Thonason,Female,3/13/1972,6/10/2012,896,896,896,[]
897,Belinda,Ondrousek,Male,3/31/2014,4/1/1972,897,897,897,"[{},{}]"
898,Celle,Dedrick,Female,10/23/1948,11/15/1918,898,898,898,"[{},{},{},{},{}]"
899,Hillier,Guyan,Male,12/3/2014,6/28/1985,899,899,899,"[{},{}]"
900,Anny,Ceaser,Male,10/29/1971,8/6/1947,900,900,900,"[{},{},{},{}]"
901,Ignatius,Lovelock,Male,4/3/1938,4/20/1975,901,901,901,"[{},{},{},{},{}]"
902,Siusan,Commuzzo,Male,7/18/2014,3/17/2009,902,902,902,[{}]
903,Teodorico,Kitchen,Male,12/5/1929,1/4/1999,903,903,903,"[{},{},{}]"
904,Giuseppe,Peschka,Male,3/11/2019,4/17/2015,904,904,904,"[{},{},{},{},{}]"
905,Augustus,Syseland,Female,9/21/1953,2/13/1978,905,905,905,"[{},{}]"
906,Wilek,Stallebrass,Male,12/10/1969,5/29/2000,906,906,906,"[{},{},{},{}]"
907,Kirsten,Poupard,Male,12/3/1976,9/9/2021,907,907,907,"[{},{}]"
908,Gal,Botcherby,Female,9/24/1946,6/24/1982,908,908,908,"[{},{},{},{},{}]"
909,Spense,Battabee,Male,6/9/2017,3/14/1941,909,909,909,[{}]
910,Debor,Grzeszczak,Female,12/21/1944,4/2/1975,910,910,910,"[{},{},{},{},{}]"
911,Robbin,Ridde,Female,4/17/2012,7/29/1962,911,911,911,[{}]
912,Theodosia,Thoresby,Female,10/25/1980,6/2/1907,912,912,912,"[{},{}]"
913,Nariko,Excell,Female,10/22/1942,9/25/1982,913,913,913,[]
914,Lorette,Maletratt,Female,7/5/2010,8/27/1953,914,914,914,"[{},{}]"
915,Nathalia,Flea,Male,5/26/1912,7/10/2010,915,915,915,[{}]
916,Trixy,D'orsay,Male,11/19/1972,8/11/1959,916,916,916,[]
917,Flemming,Killiner,Male,4/29/1998,3/23/2000,917,917,917,"[{},{},{},{},{}]"
918,Winna,Spraging,Female,5/15/1933,3/9/1951,918,918,918,"[{},{},{},{}]"
919,Letta,Madgewick,Female,3/13/1993,11/24/2005,919,919,919,"[{},{},{},{}]"
920,Chlo,Schruyers,Male,10/29/1968,5/17/1933,920,920,920,"[{},{}]"
921,Orlan,Beardsworth,Female,10/23/1999,11/22/1996,921,921,921,"[{},{},{}]"
922,Langston,Pigney,Female,8/12/2018,12/23/1969,922,922,922,[{}]
923,Deidre,D'Ruel,Female,7/20/1986,5/15/2008,923,923,923,"[{},{},{},{},{}]"
924,Manfred,Lattie,Female,12/29/2016,3/19/1980,924,924,924,"[{},{},{}]"
925,Annnora,Larvent,Female,4/10/1970,5/12/1949,925,925,925,[]
926,Rina,Guilleton,Female,10/4/1984,8/27/1940,926,926,926,[{}]
927,Avril,Dabney,Male,6/2/1996,4/21/1968,927,927,927,[{}]
928,Gregorius,Rames,Female,7/12/1988,11/22/1933,928,928,928,[{}]
929,Claybourne,Sprague,Female,12/2/1914,11/5/1932,929,929,929,[{}]
930,Tammie,Gainsborough,Male,11/5/1913,10/31/2010,930,930,930,"[{},{},{},{},{}]"
931,Kati,Itscovitz,Female,11/26/1941,11/2/1988,931,931,931,"[{},{},{},{},{}]"
932,Kacey,Parley,Female,9/24/1965,4/9/1963,932,932,932,"[{},{},{},{}]"
933,Darla,Mantram,Female,11/8/2016,9/6/1927,933,933,933,"[{},{},{},{}]"
934,Rikki,Collumbine,Female,3/4/1962,6/23/1975,934,934,934,"[{},{},{}]"
935,Terrence,Jefford,Female,1/31/1968,6/26/1941,935,935,935,"[{},{},{},{}]"
936,Ahmed,Snipe,Male,12/30/1980,9/24/1912,936,936,936,"[{},{},{}]"
937,Casar,Whitebrook,Female,6/9/1912,7/30/1930,937,937,937,"[{},{},{}]"
938,Cathi,De Beauchamp,Female,2/18/1906,1/9/1913,938,938,938,"[{},{},{},{},{}]"
939,Leoine,Humes,Male,11/6/1939,2/6/1917,939,939,939,[{}]
940,Jyoti,Flewitt,Female,3/8/1920,4/20/1984,940,940,940,"[{},{}]"
941,Niall,Maine,Male,2/29/2004,8/23/1985,941,941,941,"[{},{},{},{}]"
942,Iorgos,Syne,Female,10/11/1905,11/17/1906,942,942,942,"[{},{}]"
943,Leigh,Kermannes,Male,7/2/1956,10/22/1927,943,943,943,"[{},{},{}]"
944,Cairistiona,Cossam,Male,11/20/1976,7/8/1917,944,944,944,"[{},{},{}]"
945,Evangelia,Linnit,Female,9/16/1923,1/28/1952,945,945,945,[{}]
946,Humbert,Guerola,Female,12/19/1932,5/2/1966,946,946,946,[{}]
947,Hastie,Kelwaybamber,Female,10/3/1952,6/20/1951,947,947,947,"[{},{},{}]"
948,Friederike,Clynmans,Male,12/17/1921,9/27/2010,948,948,948,"[{},{}]"
949,Sasha,McAnalley,Male,4/29/1959,12/24/1976,949,949,949,[{}]
950,Kermit,Le Grove,Female,6/5/1915,11/14/1929,950,950,950,"[{},{},{}]"
951,Gussi,McTrustram,Female,6/15/2016,5/20/1996,951,951,951,[{}]
952,Sumner,Lanchbery,Male,9/8/1966,1/18/1935,952,952,952,"[{},{}]"
953,Cam,Paramore,Male,5/30/1924,1/10/1918,953,953,953,"[{},{},{}]"
954,Rena,Drew-Clifton,Male,3/21/1971,12/24/1960,954,954,954,[]
955,Merle,Whether,Male,2/11/1950,3/29/1995,955,955,955,[{}]
956,Shalne,Goulbourn,Male,10/3/1910,9/19/1992,956,956,956,"[{},{}]"
957,Elroy,Spender,Male,7/18/2011,2/4/1972,957,957,957,[{}]
958,Benoite,Jedryka,Male,1/26/1928,8/5/1954,958,958,958,"[{},{}]"
959,Angelico,Chipchase,Female,8/12/1964,8/6/1907,959,959,959,"[{},{},{}]"
960,Swen,Machon,Female,12/3/1943,8/28/1900,960,960,960,"[{},{}]"
961,Anastasia,Worthing,Female,12/30/1924,3/5/1999,961,961,961,[]
962,Elfrieda,Dugan,Female,11/18/1931,6/22/1951,962,962,962,"[{},{},{}]"
963,Albie,Ivison,Female,9/11/1921,1/25/1939,963,963,963,"[{},{},{},{},{}]"
964,Yolande,Toffoloni,Male,12/15/1918,9/2/1989,964,964,964,"[{},{},{},{},{}]"
965,Georgena,Trett,Male,1/3/1960,9/13/1941,965,965,965,"[{},{},{},{}]"
966,Andrus,Ackery,Male,3/26/1997,5/22/1943,966,966,966,[]
967,Barnabas,Curner,Female,6/21/1964,11/6/1956,967,967,967,"[{},{},{},{},{}]"
968,Kenyon,Marcoolyn,Male,12/10/2015,8/11/2010,968,968,968,[{}]
969,Antonina,Fardon,Female,3/16/1947,2/21/1997,969,969,969,"[{},{},{},{}]"
970,Avrom,Klemensiewicz,Male,5/25/1952,12/31/1996,970,970,970,"[{},{},{},{},{}]"
971,Joyan,Wellsman,Male,8/2/1957,9/20/1985,971,971,971,[]
972,Bernhard,Dockray,Male,2/26/1907,11/29/1975,972,972,972,[]
973,Leodora,Duiged,Male,7/12/1917,1/26/1946,973,973,973,"[{},{},{}]"
974,Rozalie,Doud,Female,6/17/1934,4/30/1906,974,974,974,"[{},{},{},{}]"
975,Hillel,Marfe,Male,7/26/1965,7/7/1924,975,975,975,[{}]
976,Allister,Moffat,Male,1/11/1969,7/26/2009,976,976,976,[]
977,Moore,Fownes,Male,12/11/1978,1/25/1944,977,977,977,"[{},{},{},{}]"
978,Bettina,Van der Velden,Male,10/23/1984,2/28/1961,978,978,978,[{}]
979,Tonia,McMylor,Male,5/11/1991,6/6/1978,979,979,979,"[{},{},{},{}]"
980,Catriona,Thirlwall,Male,8/3/1914,1/9/1914,980,980,980,[]
981,Lelah,Edmund,Male,10/15/1930,11/3/1999,981,981,981,[]
982,Margeaux,Treher,Male,8/19/1946,4/11/1909,982,982,982,[{}]
983,Tammy,Burrells,Female,7/21/1942,7/11/2005,983,983,983,[{}]
984,Perceval,Spellward,Male,5/18/1920,11/25/1984,984,984,984,[]
985,Emmanuel,Peres,Male,10/14/1971,2/19/1906,985,985,985,"[{},{}]"
986,Karee,Roseblade,Male,9/4/2006,9/14/2005,986,986,986,"[{},{},{}]"
987,Abigail,Sidlow,Female,4/13/1915,5/1/1997,987,987,987,[{}]
988,Consolata,Casine,Male,7/20/2007,11/17/1929,988,988,988,"[{},{},{},{},{}]"
989,Lennard,Souza,Female,4/10/1969,6/18/1995,989,989,989,[]
990,Courtney,Ferronet,Female,3/24/2010,11/4/1912,990,990,990,[]
991,Cloe,Chesman,Male,2/10/1906,10/12/1906,991,991,991,[]
992,Erica,Pikett,Female,7/6/1936,10/14/1947,992,992,992,[]
993,Annemarie,Verriour,Female,11/25/1902,6/7/1936,993,993,993,"[{},{},{},{},{}]"
994,Marie,Pittendreigh,Male,9/2/2003,8/5/1951,994,994,994,"[{},{},{},{}]"
995,Carlin,Riccione,Female,5/2/1956,12/18/1949,995,995,995,[]
996,Sunny,Cyphus,Female,10/3/1961,12/26/1986,996,996,996,"[{},{},{}]"
997,Theodosia,Sirl,Female,8/21/1957,7/12/1999,997,997,997,"[{},{},{}]"
998,Valle,Lakenton,Male,9/23/2006,2/19/2004,998,998,998,[{}]
999,Monty,Garford,Female,5/25/1994,6/10/1955,999,999,999,"[{},{},{},{},{}]"
1000,Wiley,Biddlecombe,Male,5/27/1928,12/26/1901,1000,1000,1000,"[{},{}]"
